Chr,START_POS_REF,END_POS_REF
1,1212160,1212160
1,1409199,1409199
1,2421958,2421958
1,3350833,3350833
1,4372142,4372142
1,4711543,4711543
1,5127910,5127910
1,5201920,5201920
1,5644519,5644519
1,5744841,5744841
1,6187574,6187574
1,6325019,6325019
1,6926990,6926990
1,7486646,7486646
1,7733601,7733601
1,7815712,7815712
1,7851560,7851560
1,8147585,8147585
1,8192247,8192247
1,8215030,8215030
1,9618000,9618000
1,9699204,9699204
1,9942907,9942907
1,10142298,10142298
1,10533198,10533198
1,10608782,10608782
1,10786283,10786283
1,10944505,10944505
1,11153608,11153608
1,11501403,11501403
1,11825503,11825503
1,12415662,12415662
1,12462823,12462823
1,12515629,12515629
1,14106029,14106029
1,14142567,14142567
1,14283027,14283027
1,14480676,14480676
1,15133948,15133948
1,15351514,15351514
1,17030991,17030991
1,17272980,17272980
1,17273049,17273049
1,17273058,17273058
1,17472687,17472687
1,17549198,17549198
1,17710900,17710900
1,17737283,17737283
1,17763119,17763119
1,18608998,18608998
1,18661287,18661287
1,18808292,18808292
1,19018417,19018417
1,19788103,19788103
1,19950633,19950633
1,21275995,21275995
1,21392562,21392562
1,21413153,21413153
1,22417146,22417146
1,22583933,22583933
1,23259038,23259038
1,23298114,23298114
1,23450827,23450827
1,23475042,23475042
1,23648356,23648356
1,24700438,24700438
1,24736049,24736049
1,24820672,24820672
1,25051296,25051296
1,25093931,25093931
1,26474845,26474845
1,26985326,26985326
1,27056024,27056024
1,27097626,27097626
1,28164899,28164899
1,28344070,28344070
1,28596096,28596096
1,29627380,29627380
1,30745688,30745688
1,31332123,31332123
1,31605619,31605619
1,32220122,32220122
1,32874597,32874597
1,33138300,33138300
1,33425003,33425003
1,33504289,33504289
1,34133572,34133572
1,34305447,34305447
1,34652158,34652158
1,35580360,35580360
1,35642038,35642038
1,35854542,35854542
1,36025426,36025426
1,36110599,36110599
1,36479384,36479384
1,36705459,36705459
1,36755011,36755011
1,36976064,36976064
1,37362775,37362775
1,37545000,37545000
1,37954441,37954441
1,37976513,37976513
1,38798689,38798689
1,38848416,38848416
1,39147274,39147274
1,39669606,39669606
1,40070083,40070083
1,40086493,40086493
1,40136155,40136155
1,40228048,40228048
1,41504945,41504945
1,41662854,41662854
1,41836347,41836347
1,42038460,42038460
1,42207597,42207597
1,42300216,42300216
1,42608971,42608971
1,42810705,42810705
1,43129848,43129848
1,43375123,43375123
1,43714934,43714934
1,43819619,43819619
1,43949820,43949820
1,44334507,44334507
1,45833171,45833171
1,46760628,46760628
1,47122088,47122088
1,47163064,47163064
1,47487484,47487484
1,47935667,47935667
1,47951607,47951607
1,48094832,48094832
1,48217074,48217074
1,48318343,48318343
1,48667906,48667906
1,48770654,48770654
1,49001516,49001516
1,49092493,49092493
1,49290809,49290809
1,49465360,49465360
1,49529201,49529201
1,49883707,49883707
1,50105328,50105328
1,50187482,50187482
1,50504388,50504388
1,51049462,51049462
1,51433622,51433622
1,51464197,51464197
1,51474654,51474654
1,51779464,51779464
1,51829591,51829591
1,51860089,51860089
1,51875278,51875278
1,51926798,51926798
1,51946968,51946968
1,52252693,52252693
1,52898220,52898220
1,53006330,53006330
1,53310285,53310285
1,53354097,53354097
1,53369284,53369284
1,53444002,53444002
1,53881632,53881632
1,54362526,54362526
1,54389359,54389359
1,54824904,54824904
1,54824911,54824911
1,54824917,54824917
1,54824934,54824934
1,54865644,54865644
1,55433981,55433981
1,55678912,55678912
1,55860786,55860786
1,55936574,55936574
1,56355325,56355325
1,56468855,56468855
1,56765067,56765067
1,57048980,57048980
1,57124914,57124914
1,57450426,57450426
1,57586524,57586524
1,57845332,57845332
1,58213746,58213746
1,58442599,58442599
1,58658041,58658041
1,58684350,58684350
1,59043876,59043876
1,59480818,59480818
1,59660130,59660130
1,59709854,59709854
1,59886318,59886318
1,60094063,60094063
1,60107602,60107602
1,60536217,60536217
1,60615311,60615311
1,61734876,61734876
1,62034499,62034499
1,62111757,62111757
1,62125855,62125855
1,62339401,62339401
1,62491760,62491760
1,62897295,62897295
1,63075130,63075130
1,63348652,63348652
1,63810995,63810995
1,64389595,64389595
1,64603280,64603280
1,65025037,65025037
1,65301818,65301818
1,65321369,65321369
1,65349144,65349144
1,65377129,65377129
1,65422644,65422644
1,65459075,65459075
1,65626876,65626876
1,66543101,66543101
1,66882449,66882449
1,67083888,67083888
1,67192605,67192605
1,67254924,67254924
1,67405104,67405104
1,67944900,67944900
1,68035435,68035435
1,68526097,68526097
1,68577127,68577127
1,69467057,69467057
1,70342890,70342890
1,70665228,70665228
1,70679655,70679655
1,70690788,70690788
1,70970973,70970973
1,70975986,70975986
1,71235530,71235530
1,71910826,71910826
1,72315931,72315931
1,72434962,72434962
1,72434971,72434971
1,72822232,72822232
1,73162188,73162188
1,74346386,74346386
1,74710831,74710831
1,75060668,75060668
1,75242220,75242220
1,75553409,75553409
1,75619924,75619924
1,75959061,75959061
1,76835447,76835447
1,77671132,77671132
1,77767400,77767400
1,77974530,77974530
1,78010716,78010716
1,78018444,78018444
1,78041637,78041637
1,78412180,78412180
1,79222929,79222929
1,79384423,79384423
1,80232470,80232470
1,80531755,80531755
1,80589171,80589171
1,80612252,80612252
1,80850977,80850977
1,81133146,81133146
1,81143894,81143894
1,81616670,81616670
1,82073206,82073206
1,82416384,82416384
1,82453098,82453098
1,82591181,82591181
1,82835442,82835442
1,83128108,83128108
1,83156891,83156891
1,83205614,83205614
1,83317554,83317554
1,84092183,84092183
1,84495992,84495992
1,84773434,84773434
1,84787880,84787880
1,85416187,85416187
1,85732394,85732394
1,85956352,85956352
1,86429496,86429496
1,86703379,86703379
1,86935947,86935947
1,87514089,87514089
1,87707213,87707213
1,87805501,87805501
1,88037402,88037402
1,88158234,88158234
1,88269041,88269041
1,89003434,89003434
1,89094196,89094196
1,89638290,89638290
1,89834701,89834701
1,90299055,90299055
1,90454319,90454319
1,90629787,90629787
1,90922648,90922648
1,90937423,90937423
1,91059621,91059621
1,91169491,91169491
1,91187768,91187768
1,91310205,91310205
1,91416244,91416244
1,92147292,92147292
1,92160557,92160557
1,92196222,92196222
1,92319634,92319634
1,92639322,92639322
1,92799048,92799048
1,93049796,93049796
1,93306123,93306123
1,93368721,93368721
1,93423094,93423094
1,93744197,93744197
1,94012544,94012544
1,94180691,94180691
1,94997568,94997568
1,95137033,95137033
1,95218761,95218761
1,96119286,96119286
1,96129446,96129446
1,96224731,96224731
1,96394802,96394802
1,96554007,96554007
1,96573634,96573634
1,96637383,96637383
1,96664938,96664938
1,96962437,96962437
1,96974344,96974344
1,97254563,97254563
1,97895287,97895287
1,98691661,98691661
1,98703570,98703570
1,98884517,98884517
1,99430501,99430501
1,99580970,99580970
1,99958216,99958216
1,100189538,100189538
1,100328774,100328774
1,100533605,100533605
1,100551728,100551728
1,100741167,100741167
1,101008369,101008369
1,101120282,101120282
1,101221166,101221166
1,101543682,101543682
1,101869001,101869001
1,102464894,102464894
1,102878874,102878874
1,103117464,103117464
1,103219344,103219344
1,103553152,103553152
1,103681355,103681355
1,104344988,104344988
1,105373018,105373018
1,105534237,105534237
1,106063948,106063948
1,106560946,106560946
1,106588445,106588445
1,106866613,106866613
1,106908648,106908648
1,107388377,107388377
1,107804136,107804136
1,108143377,108143377
1,108307295,108307295
1,108645143,108645143
1,109250835,109250835
1,109994957,109994957
1,110201856,110201856
1,110317415,110317415
1,110435926,110435926
1,110974761,110974761
1,111111838,111111838
1,111718820,111718820
1,111792141,111792141
1,112094218,112094218
1,112749836,112749836
1,113095739,113095739
1,113180430,113180430
1,113313954,113313954
1,113480882,113480882
1,113735978,113735978
1,114945425,114945425
1,114952866,114952866
1,115005831,115005831
1,115012099,115012099
1,115192520,115192520
1,115249109,115249109
1,115858459,115858459
1,116612467,116612467
1,116727182,116727182
1,116746242,116746242
1,117322506,117322506
1,117341048,117341048
1,117403218,117403218
1,117416214,117416214
1,117566101,117566101
1,118027179,118027179
1,118165518,118165518
1,118337137,118337137
1,118449012,118449012
1,118502200,118502200
1,118569739,118569739
1,118844306,118844306
1,119490355,119490355
1,119705008,119705008
1,119752285,119752285
1,120094969,120094969
1,120471828,120471828
1,120479904,120479904
1,120497836,120497836
1,120508105,120508105
1,120529613,120529613
1,121310292,121310292
1,144872498,144872498
1,144881582,144881582
1,144992151,144992151
1,145602031,145602031
1,146616880,146616880
1,146803136,146803136
1,147084944,147084944
1,147124189,147124189
1,147137999,147137999
1,147354545,147354545
1,149979428,149979428
1,149997762,149997762
1,150034669,150034669
1,150278390,150278390
1,150380336,150380336
1,150746111,150746111
1,150807070,150807070
1,150818774,150818774
1,151337285,151337285
1,151638064,151638064
1,151903287,151903287
1,152105502,152105502
1,152814860,152814860
1,153132966,153132966
1,154142917,154142917
1,154158704,154158704
1,154209855,154209855
1,154369716,154369716
1,154595188,154595188
1,154942425,154942425
1,155149149,155149149
1,156261543,156261543
1,156389002,156389002
1,156438184,156438184
1,156475998,156475998
1,156614429,156614429
1,156752109,156752109
1,157339266,157339266
1,157566136,157566136
1,157672900,157672900
1,157700061,157700061
1,157893959,157893959
1,158148121,158148121
1,158228486,158228486
1,158421105,158421105
1,158494341,158494341
1,158687668,158687668
1,158797133,158797133
1,159395610,159395610
1,159787063,159787063
1,160134525,160134525
1,160177553,160177553
1,161109426,161109426
1,161293421,161293421
1,161680578,161680578
1,162100290,162100290
1,162139159,162139159
1,162474006,162474006
1,162687968,162687968
1,163516532,163516532
1,163667677,163667677
1,163759085,163759085
1,163953241,163953241
1,164706957,164706957
1,164763698,164763698
1,165306876,165306876
1,165350723,165350723
1,165372458,165372458
1,165409895,165409895
1,165599156,165599156
1,165715422,165715422
1,166475439,166475439
1,167198896,167198896
1,168065022,168065022
1,168253134,168253134
1,168540019,168540019
1,168627366,168627366
1,168818468,168818468
1,168980869,168980869
1,169057118,169057118
1,169097970,169097970
1,169124370,169124370
1,169281336,169281336
1,169394351,169394351
1,169641902,169641902
1,169839294,169839294
1,169906686,169906686
1,170179718,170179718
1,170362700,170362700
1,170660009,170660009
1,170931993,170931993
1,171255282,171255282
1,171547401,171547401
1,171837624,171837624
1,171899905,171899905
1,172332696,172332696
1,172628886,172628886
1,172679274,172679274
1,172946668,172946668
1,173312189,173312189
1,173427264,173427264
1,173832753,173832753
1,173907087,173907087
1,174050565,174050565
1,174254498,174254498
1,174830179,174830179
1,174950437,174950437
1,175054655,175054655
1,175194855,175194855
1,175787088,175787088
1,175848744,175848744
1,176205952,176205952
1,176354374,176354374
1,176428182,176428182
1,176566594,176566594
1,177628949,177628949
1,178035642,178035642
1,178120652,178120652
1,178267473,178267473
1,178912906,178912906
1,179079926,179079926
1,179526279,179526279
1,179575215,179575215
1,180569460,180569460
1,180619168,180619168
1,181573407,181573407
1,182736827,182736827
1,182816809,182816809
1,182973916,182973916
1,183641628,183641628
1,183845751,183845751
1,183978473,183978473
1,184053722,184053722
1,184689976,184689976
1,184707663,184707663
1,185027430,185027430
1,185056959,185056959
1,185631985,185631985
1,185736438,185736438
1,185978110,185978110
1,186015135,186015135
1,186280985,186280985
1,186295345,186295345
1,186304200,186304200
1,186324588,186324588
1,186432022,186432022
1,187038880,187038880
1,187230373,187230373
1,187284263,187284263
1,187379939,187379939
1,188189191,188189191
1,188812354,188812354
1,188983947,188983947
1,189029041,189029041
1,189481433,189481433
1,189828254,189828254
1,190047358,190047358
1,190097282,190097282
1,190621002,190621002
1,191004707,191004707
1,191055073,191055073
1,191427134,191427134
1,191493702,191493702
1,191893081,191893081
1,191953988,191953988
1,192043302,192043302
1,192396857,192396857
1,192480467,192480467
1,193070517,193070517
1,193127079,193127079
1,193494928,193494928
1,193742533,193742533
1,193952802,193952802
1,194495536,194495536
1,194522695,194522695
1,194584753,194584753
1,194661461,194661461
1,194709208,194709208
1,194903149,194903149
1,195191314,195191314
1,195833098,195833098
1,195843370,195843370
1,196096403,196096403
1,196381932,196381932
1,196592076,196592076
1,196642060,196642060
1,196701239,196701239
1,196979864,196979864
1,197074174,197074174
1,197249251,197249251
1,197555512,197555512
1,197648210,197648210
1,197713454,197713454
1,197944419,197944419
1,198411609,198411609
1,198424215,198424215
1,198726375,198726375
1,198865671,198865671
1,199033820,199033820
1,199979595,199979595
1,200150021,200150021
1,200229346,200229346
1,200377206,200377206
1,200384648,200384648
1,200741120,200741120
1,201282984,201282984
1,201300013,201300013
1,201314713,201314713
1,201460698,201460698
1,201582609,201582609
1,201667032,201667032
1,201929271,201929271
1,202014477,202014477
1,202298619,202298619
1,202324658,202324658
1,202617428,202617428
1,203712848,203712848
1,203901262,203901262
1,204506538,204506538
1,204527833,204527833
1,205144573,205144573
1,205464632,205464632
1,206629460,206629460
1,207035562,207035562
1,207035568,207035568
1,207166455,207166455
1,207366409,207366409
1,207432520,207432520
1,207646671,207646671
1,207679422,207679422
1,208868845,208868845
1,208968174,208968174
1,209090327,209090327
1,209357267,209357267
1,209411029,209411029
1,209463619,209463619
1,209758999,209758999
1,209844533,209844533
1,210211297,210211297
1,210262951,210262951
1,210315047,210315047
1,210368556,210368556
1,210929747,210929747
1,212014075,212014075
1,212116811,212116811
1,212150557,212150557
1,212174327,212174327
1,212211863,212211863
1,212314681,212314681
1,212760140,212760140
1,213008544,213008544
1,213305570,213305570
1,213367718,213367718
1,213780923,213780923
1,214085300,214085300
1,214357954,214357954
1,214528664,214528664
1,214803060,214803060
1,214882240,214882240
1,214917802,214917802
1,215097044,215097044
1,215480916,215480916
1,215520764,215520764
1,215894864,215894864
1,216213105,216213105
1,216481328,216481328
1,216589947,216589947
1,216701059,216701059
1,216823192,216823192
1,216941287,216941287
1,217355429,217355429
1,217992425,217992425
1,218036820,218036820
1,218351223,218351223
1,218578639,218578639
1,219146378,219146378
1,219823888,219823888
1,219853562,219853562
1,219952986,219952986
1,220241874,220241874
1,220605877,220605877
1,220704345,220704345
1,220734648,220734648
1,221025001,221025001
1,221150526,221150526
1,221499600,221499600
1,222088091,222088091
1,222169078,222169078
1,222701034,222701034
1,222739870,222739870
1,223523547,223523547
1,223920418,223920418
1,224278926,224278926
1,224492752,224492752
1,224542436,224542436
1,225008504,225008504
1,225856758,225856758
1,225950177,225950177
1,226554492,226554492
1,226868975,226868975
1,227489228,227489228
1,228808974,228808974
1,228822697,228822697
1,229155663,229155663
1,229440836,229440836
1,229479937,229479937
1,229760232,229760232
1,229889640,229889640
1,231003076,231003076
1,231170008,231170008
1,231549735,231549735
1,231752304,231752304
1,231801197,231801197
1,232081513,232081513
1,232211019,232211019
1,233036139,233036139
1,233114035,233114035
1,233207690,233207690
1,233227844,233227844
1,233238115,233238115
1,233309838,233309838
1,233471540,233471540
1,233544706,233544706
1,233574250,233574250
1,234418818,234418818
1,235463917,235463917
1,235499893,235499893
1,236532651,236532651
1,236991478,236991478
1,237031005,237031005
1,237154831,237154831
1,237172778,237172778
1,237284990,237284990
1,237318217,237318217
1,237551120,237551120
1,237609231,237609231
1,238002715,238002715
1,238270718,238270718
1,238284325,238284325
1,238590153,238590153
1,238719223,238719223
1,238726090,238726090
1,238984511,238984511
1,239064092,239064092
1,239739477,239739477
1,239748355,239748355
1,239879025,239879025
1,239940624,239940624
1,240131808,240131808
1,240232860,240232860
1,240238102,240238102
1,240657012,240657012
1,240811261,240811261
1,241161402,241161402
1,241204168,241204168
1,241513137,241513137
1,241546995,241546995
1,241642037,241642037
1,241661203,241661203
1,242341969,242341969
1,242534795,242534795
1,242831408,242831408
1,242896685,242896685
1,243067077,243067077
1,243540486,243540486
1,243763885,243763885
1,243949405,243949405
1,244021746,244021746
1,244054731,244054731
1,244261839,244261839
1,244834007,244834007
1,245188664,245188664
1,245357234,245357234
1,245631261,245631261
1,245674406,245674406
1,246228504,246228504
1,246264238,246264238
1,246400644,246400644
1,246569682,246569682
1,246853130,246853130
1,247327743,247327743
1,247376484,247376484
1,247406379,247406379
1,247784083,247784083
1,247867303,247867303
1,247924790,247924790
1,248269673,248269673
1,248496033,248496033
1,248780961,248780961
10,290748,290748
10,779851,779851
10,983179,983179
10,1324867,1324867
10,1337416,1337416
10,1361915,1361915
10,1432783,1432783
10,1803145,1803145
10,1863595,1863595
10,1879338,1879338
10,2003799,2003799
10,2868341,2868341
10,3179115,3179115
10,3191828,3191828
10,3299449,3299449
10,4368850,4368850
10,4458876,4458876
10,4789660,4789660
10,4811505,4811505
10,5966672,5966672
10,6189420,6189420
10,7109529,7109529
10,7141502,7141502
10,7490683,7490683
10,7980155,7980155
10,8043494,8043494
10,8120240,8120240
10,8410920,8410920
10,8900837,8900837
10,9112131,9112131
10,9185249,9185249
10,9275211,9275211
10,9515517,9515517
10,9678441,9678441
10,9932905,9932905
10,10285785,10285785
10,10404725,10404725
10,10452103,10452103
10,10468690,10468690
10,10652842,10652842
10,10684379,10684379
10,10975634,10975634
10,11482313,11482313
10,12184653,12184653
10,12216772,12216772
10,12631088,12631088
10,13388590,13388590
10,13591748,13591748
10,14549799,14549799
10,14604772,14604772
10,14980172,14980172
10,15068479,15068479
10,15193237,15193237
10,15696918,15696918
10,16229357,16229357
10,16304066,16304066
10,16575985,16575985
10,16824392,16824392
10,16914839,16914839
10,16923925,16923925
10,17205140,17205140
10,17581488,17581488
10,18255017,18255017
10,18404641,18404641
10,18594979,18594979
10,18691780,18691780
10,18875598,18875598
10,18982266,18982266
10,19896376,19896376
10,20330876,20330876
10,20556019,20556019
10,21110594,21110594
10,21290220,21290220
10,21331157,21331157
10,21884310,21884310
10,21901354,21901354
10,22029155,22029155
10,22286763,22286763
10,22617099,22617099
10,22673044,22673044
10,22902159,22902159
10,23078037,23078037
10,23262336,23262336
10,23771278,23771278
10,23863162,23863162
10,24185995,24185995
10,24729678,24729678
10,25052962,25052962
10,25520989,25520989
10,26034633,26034633
10,26169058,26169058
10,26386587,26386587
10,26728339,26728339
10,26759776,26759776
10,26823746,26823746
10,26889173,26889173
10,27084644,27084644
10,27641043,27641043
10,27866772,27866772
10,28266508,28266508
10,28340289,28340289
10,30125424,30125424
10,30344318,30344318
10,30653261,30653261
10,30925205,30925205
10,31127348,31127348
10,31449661,31449661
10,31475533,31475533
10,31626407,31626407
10,31924584,31924584
10,32019495,32019495
10,32109547,32109547
10,32317461,32317461
10,32324822,32324822
10,32337459,32337459
10,32401719,32401719
10,32583288,32583288
10,32666954,32666954
10,32900770,32900770
10,33144704,33144704
10,33644656,33644656
10,33873600,33873600
10,34089432,34089432
10,34665126,34665126
10,34906620,34906620
10,35208931,35208931
10,35294004,35294004
10,35398748,35398748
10,35669293,35669293
10,35674669,35674669
10,35703218,35703218
10,35843799,35843799
10,36313384,36313384
10,36473358,36473358
10,36498640,36498640
10,36520223,36520223
10,36745944,36745944
10,37161286,37161286
10,38155281,38155281
10,43694590,43694590
10,43927571,43927571
10,44623060,44623060
10,44709932,44709932
10,44962380,44962380
10,45007550,45007550
10,45135589,45135589
10,45229119,45229119
10,45996425,45996425
10,47126803,47126803
10,47692609,47692609
10,49453641,49453641
10,49720596,49720596
10,50212984,50212984
10,50500676,50500676
10,50803930,50803930
10,50986380,50986380
10,51581346,51581346
10,52090729,52090729
10,52683592,52683592
10,52907183,52907183
10,53140913,53140913
10,53221197,53221197
10,53236900,53236900
10,53848476,53848476
10,54018663,54018663
10,54131301,54131301
10,54284740,54284740
10,54444808,54444808
10,54637488,54637488
10,55119481,55119481
10,55192935,55192935
10,55238302,55238302
10,55303345,55303345
10,55564549,55564549
10,55807643,55807643
10,55906402,55906402
10,55987242,55987242
10,57470050,57470050
10,57572580,57572580
10,57578591,57578591
10,58196197,58196197
10,58212344,58212344
10,58266284,58266284
10,58357616,58357616
10,58729556,58729556
10,58752875,58752875
10,59048729,59048729
10,59243740,59243740
10,59864407,59864407
10,59966772,59966772
10,60419507,60419507
10,60428034,60428034
10,60909526,60909526
10,61035188,61035188
10,61135475,61135475
10,61221270,61221270
10,61279326,61279326
10,61378030,61378030
10,61392869,61392869
10,61407598,61407598
10,61589627,61589627
10,61617073,61617073
10,61645701,61645701
10,61720059,61720059
10,62053444,62053444
10,62440395,62440395
10,62605502,62605502
10,62760753,62760753
10,62977793,62977793
10,63032706,63032706
10,63201385,63201385
10,63469248,63469248
10,63552686,63552686
10,63750590,63750590
10,63958273,63958273
10,64852907,64852907
10,65133598,65133598
10,65202125,65202125
10,65529703,65529703
10,65878370,65878370
10,65940000,65940000
10,65983031,65983031
10,66302703,66302703
10,66456357,66456357
10,66467892,66467892
10,66872635,66872635
10,66918639,66918639
10,67080921,67080921
10,67487433,67487433
10,67629658,67629658
10,68543486,68543486
10,68783210,68783210
10,69528344,69528344
10,69903329,69903329
10,70724920,70724920
10,70743632,70743632
10,70907969,70907969
10,71485849,71485849
10,71711997,71711997
10,71742400,71742400
10,72103473,72103473
10,72357411,72357411
10,73272953,73272953
10,73302031,73302031
10,75093006,75093006
10,75122406,75122406
10,75130341,75130341
10,75494473,75494473
10,75598650,75598650
10,75649941,75649941
10,75985962,75985962
10,76719849,76719849
10,76794573,76794573
10,76938704,76938704
10,77145923,77145923
10,77237340,77237340
10,77447940,77447940
10,77824660,77824660
10,77954960,77954960
10,78119413,78119413
10,78252923,78252923
10,78277569,78277569
10,78483752,78483752
10,78538455,78538455
10,79309496,79309496
10,79447996,79447996
10,80716824,80716824
10,81032363,81032363
10,81684037,81684037
10,82290474,82290474
10,82593692,82593692
10,82727922,82727922
10,82762831,82762831
10,82899473,82899473
10,83129433,83129433
10,83166073,83166073
10,83313481,83313481
10,83687137,83687137
10,83980950,83980950
10,84172787,84172787
10,84252078,84252078
10,84309352,84309352
10,84447884,84447884
10,84630461,84630461
10,84735857,84735857
10,84735865,84735865
10,85019085,85019085
10,85146722,85146722
10,85733346,85733346
10,86132028,86132028
10,86598101,86598101
10,86880691,86880691
10,87445440,87445440
10,87823500,87823500
10,88337781,88337781
10,88524002,88524002
10,89558988,89558988
10,89653846,89653846
10,89861094,89861094
10,89975035,89975035
10,90424351,90424351
10,90461096,90461096
10,90792016,90792016
10,91886027,91886027
10,91928744,91928744
10,91986485,91986485
10,92197889,92197889
10,92720131,92720131
10,93540312,93540312
10,94223926,94223926
10,94474287,94474287
10,94495963,94495963
10,95266800,95266800
10,95487517,95487517
10,95554767,95554767
10,96114184,96114184
10,96298849,96298849
10,96363455,96363455
10,96447862,96447862
10,96485606,96485606
10,96622962,96622962
10,97009906,97009906
10,97027587,97027587
10,97794010,97794010
10,98146307,98146307
10,98378695,98378695
10,98540785,98540785
10,98686577,98686577
10,98982890,98982890
10,99387680,99387680
10,100072643,100072643
10,100685636,100685636
10,101353708,101353708
10,102111945,102111945
10,102594078,102594078
10,102663039,102663039
10,103136962,103136962
10,103259646,103259646
10,103369381,103369381
10,103584574,103584574
10,103710342,103710342
10,103843957,103843957
10,104292146,104292146
10,104309762,104309762
10,104607570,104607570
10,104717965,104717965
10,104851127,104851127
10,104851142,104851142
10,104851160,104851160
10,104860837,104860837
10,104913084,104913084
10,106083828,106083828
10,106190575,106190575
10,106222299,106222299
10,106972883,106972883
10,107175539,107175539
10,108063960,108063960
10,108295799,108295799
10,108303855,108303855
10,108371244,108371244
10,108520360,108520360
10,108707544,108707544
10,108923704,108923704
10,109041262,109041262
10,109152917,109152917
10,109825179,109825179
10,110206881,110206881
10,110471508,110471508
10,110786248,110786248
10,110964801,110964801
10,111231277,111231277
10,111318748,111318748
10,111465577,111465577
10,111548657,111548657
10,111581918,111581918
10,111787067,111787067
10,111804933,111804933
10,111882928,111882928
10,112016616,112016616
10,112547940,112547940
10,112557684,112557684
10,112708781,112708781
10,112793459,112793459
10,113164230,113164230
10,113408407,113408407
10,113529578,113529578
10,114220312,114220312
10,114272776,114272776
10,114458035,114458035
10,114496772,114496772
10,114570596,114570596
10,114903739,114903739
10,114912176,114912176
10,116554649,116554649
10,116631376,116631376
10,117272889,117272889
10,117853121,117853121
10,118047309,118047309
10,118449184,118449184
10,118457856,118457856
10,118751698,118751698
10,118775752,118775752
10,118795831,118795831
10,119263260,119263260
10,119753423,119753423
10,119919569,119919569
10,120430207,120430207
10,120791897,120791897
10,120807331,120807331
10,120927799,120927799
10,120981157,120981157
10,121001866,121001866
10,121211194,121211194
10,121442879,121442879
10,121686219,121686219
10,121884874,121884874
10,122036152,122036152
10,122122303,122122303
10,122402882,122402882
10,122939055,122939055
10,123191221,123191221
10,123260382,123260382
10,123276777,123276777
10,124150795,124150795
10,124234037,124234037
10,126085253,126085253
10,126643308,126643308
10,126696313,126696313
10,126842243,126842243
10,127264861,127264861
10,127537990,127537990
10,127748009,127748009
10,128256433,128256433
10,128329110,128329110
10,128508350,128508350
10,128882572,128882572
10,129578393,129578393
10,129856493,129856493
10,130052688,130052688
10,130128364,130128364
10,130183606,130183606
10,130333003,130333003
10,131463831,131463831
10,132018683,132018683
10,132387427,132387427
10,132416331,132416331
10,132576067,132576067
10,132674678,132674678
10,132977188,132977188
10,134133663,134133663
11,464852,464852
11,2663062,2663062
11,2993324,2993324
11,3172014,3172014
11,3631869,3631869
11,3697264,3697264
11,3721884,3721884
11,4048616,4048616
11,4670594,4670594
11,4815765,4815765
11,5016050,5016050
11,5136315,5136315
11,5533738,5533738
11,5674531,5674531
11,5777884,5777884
11,6488298,6488298
11,6836791,6836791
11,6856778,6856778
11,7071574,7071574
11,7349527,7349527
11,7418522,7418522
11,9431140,9431140
11,9511250,9511250
11,9909487,9909487
11,10356316,10356316
11,10474116,10474116
11,10634362,10634362
11,10784777,10784777
11,10987350,10987350
11,11203280,11203280
11,12609180,12609180
11,13450375,13450375
11,13547045,13547045
11,13793513,13793513
11,13993488,13993488
11,14882112,14882112
11,14922143,14922143
11,15898080,15898080
11,16046662,16046662
11,16566660,16566660
11,16813697,16813697
11,16963416,16963416
11,17761405,17761405
11,18048828,18048828
11,18162876,18162876
11,19156451,19156451
11,19337498,19337498
11,19345570,19345570
11,19856703,19856703
11,20351212,20351212
11,20473891,20473891
11,20558644,20558644
11,20746478,20746478
11,21103627,21103627
11,21157892,21157892
11,22035713,22035713
11,22128110,22128110
11,22298022,22298022
11,22314515,22314515
11,22326256,22326256
11,22736618,22736618
11,22744622,22744622
11,22864160,22864160
11,23071079,23071079
11,23522801,23522801
11,23730698,23730698
11,23769457,23769457
11,24157876,24157876
11,24468758,24468758
11,25000395,25000395
11,25261261,25261261
11,25432183,25432183
11,25958996,25958996
11,26048327,26048327
11,26458934,26458934
11,26493304,26493304
11,26639869,26639869
11,26670247,26670247
11,26946503,26946503
11,27368945,27368945
11,28094100,28094100
11,28152407,28152407
11,28597931,28597931
11,28684894,28684894
11,28690896,28690896
11,28842167,28842167
11,28914188,28914188
11,29049361,29049361
11,29482160,29482160
11,29535921,29535921
11,29676821,29676821
11,29906840,29906840
11,30952590,30952590
11,31008257,31008257
11,31074739,31074739
11,31115094,31115094
11,31191580,31191580
11,31611270,31611270
11,31869571,31869571
11,32049636,32049636
11,33079278,33079278
11,33128671,33128671
11,33592492,33592492
11,34039738,34039738
11,34212513,34212513
11,34473548,34473548
11,34821470,34821470
11,35046097,35046097
11,35295140,35295140
11,35304521,35304521
11,35349222,35349222
11,35505511,35505511
11,36132911,36132911
11,36319687,36319687
11,36413631,36413631
11,36681247,36681247
11,36742641,36742641
11,37088499,37088499
11,37395232,37395232
11,37517103,37517103
11,37856385,37856385
11,38195741,38195741
11,38290063,38290063
11,38463734,38463734
11,38480162,38480162
11,38591973,38591973
11,39166216,39166216
11,39181689,39181689
11,39822647,39822647
11,40066234,40066234
11,40146426,40146426
11,40248301,40248301
11,40748674,40748674
11,40775350,40775350
11,41028675,41028675
11,41082755,41082755
11,41206819,41206819
11,41541092,41541092
11,41789296,41789296
11,41895734,41895734
11,41934583,41934583
11,41945874,41945874
11,42488570,42488570
11,42535477,42535477
11,43399410,43399410
11,43627459,43627459
11,43683035,43683035
11,43718321,43718321
11,43773488,43773488
11,44008341,44008341
11,44079853,44079853
11,44135750,44135750
11,44193258,44193258
11,45322028,45322028
11,45352096,45352096
11,45506972,45506972
11,46006848,46006848
11,46438853,46438853
11,46702823,46702823
11,46848303,46848303
11,47237945,47237945
11,47269142,47269142
11,47853219,47853219
11,48329682,48329682
11,48345488,48345488
11,48615619,48615619
11,49350491,49350491
11,49576429,49576429
11,50183237,50183237
11,54824036,54824036
11,55271574,55271574
11,55352182,55352182
11,55947844,55947844
11,56220986,56220986
11,56422143,56422143
11,56655179,56655179
11,56780893,56780893
11,56804101,56804101
11,57029282,57029282
11,57273872,57273872
11,57501247,57501247
11,57898313,57898313
11,58078980,58078980
11,58180770,58180770
11,58927808,58927808
11,59177798,59177798
11,59925423,59925423
11,60416566,60416566
11,60604568,60604568
11,63058910,63058910
11,63280494,63280494
11,63297223,63297223
11,63752160,63752160
11,63770368,63770368
11,63835448,63835448
11,64442048,64442048
11,65034227,65034227
11,65322169,65322169
11,65899113,65899113
11,67000649,67000649
11,67835837,67835837
11,69148596,69148596
11,69634433,69634433
11,69897057,69897057
11,70462987,70462987
11,71618443,71618443
11,71717181,71717181
11,71828657,71828657
11,72196605,72196605
11,72583727,72583727
11,72862214,72862214
11,73175619,73175619
11,73238632,73238632
11,73294448,73294448
11,73334900,73334900
11,73642461,73642461
11,73952972,73952972
11,74277505,74277505
11,74347625,74347625
11,74632596,74632596
11,75446033,75446033
11,75520369,75520369
11,75729746,75729746
11,75743056,75743056
11,76290515,76290515
11,77955261,77955261
11,78324649,78324649
11,79117751,79117751
11,79321085,79321085
11,79687445,79687445
11,79733411,79733411
11,81540489,81540489
11,81747692,81747692
11,81861984,81861984
11,82038989,82038989
11,82728850,82728850
11,82837442,82837442
11,82975088,82975088
11,83467448,83467448
11,84323999,84323999
11,84912544,84912544
11,84932721,84932721
11,84943776,84943776
11,85095100,85095100
11,85157689,85157689
11,85277713,85277713
11,85285561,85285561
11,85701420,85701420
11,85711739,85711739
11,85722115,85722115
11,85733495,85733495
11,85934059,85934059
11,86380740,86380740
11,86728798,86728798
11,87092550,87092550
11,87536770,87536770
11,87611158,87611158
11,87900262,87900262
11,87961495,87961495
11,88154285,88154285
11,88346597,88346597
11,88905951,88905951
11,88960128,88960128
11,90037321,90037321
11,90114743,90114743
11,90736659,90736659
11,90888993,90888993
11,91022703,91022703
11,91028154,91028154
11,91071073,91071073
11,91084269,91084269
11,91262300,91262300
11,91367958,91367958
11,91421943,91421943
11,91938766,91938766
11,92404279,92404279
11,93108678,93108678
11,93165457,93165457
11,93581928,93581928
11,93740469,93740469
11,93863090,93863090
11,94576148,94576148
11,94634523,94634523
11,94676059,94676059
11,95031419,95031419
11,95185349,95185349
11,95232872,95232872
11,95718759,95718759
11,96151871,96151871
11,96247771,96247771
11,96286919,96286919
11,96732920,96732920
11,96770404,96770404
11,97157931,97157931
11,97194855,97194855
11,97480664,97480664
11,97572490,97572490
11,97805986,97805986
11,98590968,98590968
11,98836740,98836740
11,98991386,98991386
11,99136685,99136685
11,99256224,99256224
11,99630693,99630693
11,99747437,99747437
11,100013282,100013282
11,100417468,100417468
11,100425053,100425053
11,100785482,100785482
11,100818355,100818355
11,101035349,101035349
11,101150100,101150100
11,101344675,101344675
11,102194412,102194412
11,102207527,102207527
11,102346168,102346168
11,102381548,102381548
11,102428605,102428605
11,102445050,102445050
11,102487068,102487068
11,102808463,102808463
11,102899187,102899187
11,103048604,103048604
11,103207083,103207083
11,103548666,103548666
11,103910834,103910834
11,104244487,104244487
11,104341686,104341686
11,104452455,104452455
11,104566845,104566845
11,105053992,105053992
11,105261751,105261751
11,105390121,105390121
11,105629923,105629923
11,105697879,105697879
11,105853633,105853633
11,106126979,106126979
11,106396539,106396539
11,106441166,106441166
11,106567397,106567397
11,107587075,107587075
11,107664172,107664172
11,107988364,107988364
11,108093635,108093635
11,108114773,108114773
11,108122695,108122695
11,108141836,108141836
11,108153572,108153572
11,108186637,108186637
11,108202216,108202216
11,108216439,108216439
11,108436449,108436449
11,108463117,108463117
11,108577493,108577493
11,108682190,108682190
11,108712155,108712155
11,108788619,108788619
11,109054729,109054729
11,109108502,109108502
11,109227769,109227769
11,109297674,109297674
11,109839102,109839102
11,109990992,109990992
11,110025357,110025357
11,110149522,110149522
11,110263979,110263979
11,110491240,110491240
11,110550600,110550600
11,110686563,110686563
11,110731628,110731628
11,111480235,111480235
11,111550656,111550656
11,111566438,111566438
11,111699879,111699879
11,112121503,112121503
11,112348094,112348094
11,112806044,112806044
11,112821606,112821606
11,113474393,113474393
11,114274670,114274670
11,114371388,114371388
11,114798468,114798468
11,114933838,114933838
11,115165001,115165001
11,115225578,115225578
11,115811761,115811761
11,116375126,116375126
11,116781207,116781207
11,116933353,116933353
11,116954954,116954954
11,117046072,117046072
11,117089226,117089226
11,117899426,117899426
11,118017542,118017542
11,118130074,118130074
11,118341609,118341609
11,118394687,118394687
11,118631791,118631791
11,118650424,118650424
11,119144655,119144655
11,119167824,119167824
11,119690728,119690728
11,120295093,120295093
11,120309691,120309691
11,120316138,120316138
11,120340083,120340083
11,120482388,120482388
11,120680929,120680929
11,120693766,120693766
11,120733100,120733100
11,120751873,120751873
11,121236193,121236193
11,121683337,121683337
11,121782912,121782912
11,121850237,121850237
11,121926334,121926334
11,122172752,122172752
11,122221298,122221298
11,122601619,122601619
11,122660621,122660621
11,122689187,122689187
11,122745842,122745842
11,123181670,123181670
11,123266089,123266089
11,123598480,123598480
11,123814993,123814993
11,123932211,123932211
11,124021446,124021446
11,124171634,124171634
11,124762866,124762866
11,124814815,124814815
11,124950365,124950365
11,126137224,126137224
11,126896847,126896847
11,127027073,127027073
11,127254606,127254606
11,127704966,127704966
11,127954372,127954372
11,128159539,128159539
11,128480885,128480885
11,128618159,128618159
11,129410856,129410856
11,129789300,129789300
11,130035854,130035854
11,130093871,130093871
11,130172368,130172368
11,130982448,130982448
11,131402697,131402697
11,131456629,131456629
11,131512116,131512116
11,131919331,131919331
11,132003394,132003394
11,132061999,132061999
11,132090472,132090472
11,132135372,132135372
11,132424225,132424225
11,132477460,132477460
11,132545872,132545872
11,132688168,132688168
11,132706014,132706014
11,133245675,133245675
11,133336222,133336222
11,133373854,133373854
11,133583524,133583524
11,133629527,133629527
11,133859290,133859290
11,134746541,134746541
12,420211,420211
12,427433,427433
12,438164,438164
12,443462,443462
12,459848,459848
12,493311,493311
12,702766,702766
12,844668,844668
12,864625,864625
12,925738,925738
12,1007559,1007559
12,1133612,1133612
12,1162454,1162454
12,1213935,1213935
12,1225255,1225255
12,1372281,1372281
12,1399032,1399032
12,2059528,2059528
12,2070949,2070949
12,2475751,2475751
12,2556132,2556132
12,2803120,2803120
12,3589334,3589334
12,3877012,3877012
12,3931016,3931016
12,4141847,4141847
12,4171031,4171031
12,4482114,4482114
12,4717875,4717875
12,5062618,5062618
12,5078236,5078236
12,5953707,5953707
12,5965232,5965232
12,6016907,6016907
12,6045145,6045145
12,6122369,6122369
12,6787857,6787857
12,6908729,6908729
12,6975180,6975180
12,7154164,7154164
12,7538920,7538920
12,7787634,7787634
12,8210055,8210055
12,8228474,8228474
12,8769404,8769404
12,10458268,10458268
12,10648252,10648252
12,11708057,11708057
12,12022613,12022613
12,12337435,12337435
12,12885858,12885858
12,13510136,13510136
12,13660414,13660414
12,13798051,13798051
12,14278145,14278145
12,14497578,14497578
12,15072928,15072928
12,15385281,15385281
12,15569862,15569862
12,15718953,15718953
12,15892798,15892798
12,16572508,16572508
12,16876971,16876971
12,17509546,17509546
12,17739755,17739755
12,18070982,18070982
12,18231973,18231973
12,18261776,18261776
12,18576680,18576680
12,18690633,18690633
12,19122466,19122466
12,19209464,19209464
12,20159217,20159217
12,20244653,20244653
12,20470304,20470304
12,20570858,20570858
12,21022967,21022967
12,21471671,21471671
12,21624805,21624805
12,21871726,21871726
12,22153438,22153438
12,23011789,23011789
12,23958939,23958939
12,23970417,23970417
12,24042285,24042285
12,24436426,24436426
12,25576917,25576917
12,25591183,25591183
12,25621617,25621617
12,26380508,26380508
12,26784039,26784039
12,27009333,27009333
12,27132882,27132882
12,27342069,27342069
12,27547949,27547949
12,27573715,27573715
12,28450769,28450769
12,28469906,28469906
12,28709472,28709472
12,28850503,28850503
12,28921313,28921313
12,29386646,29386646
12,30037557,30037557
12,30500317,30500317
12,30990668,30990668
12,32006041,32006041
12,32307932,32307932
12,32962296,32962296
12,33182020,33182020
12,33726684,33726684
12,33766830,33766830
12,34297099,34297099
12,34345994,34345994
12,34391971,34391971
12,34412172,34412172
12,38458060,38458060
12,38964141,38964141
12,39536141,39536141
12,39628403,39628403
12,39816988,39816988
12,40581588,40581588
12,40873423,40873423
12,41020513,41020513
12,41074586,41074586
12,41714369,41714369
12,41845495,41845495
12,41956712,41956712
12,42307146,42307146
12,42344552,42344552
12,42365208,42365208
12,42471885,42471885
12,42656903,42656903
12,43557497,43557497
12,43565074,43565074
12,43773157,43773157
12,44033449,44033449
12,44700854,44700854
12,44854707,44854707
12,45581522,45581522
12,45601827,45601827
12,46215228,46215228
12,46230728,46230728
12,46254651,46254651
12,46287418,46287418
12,46298131,46298131
12,46472742,46472742
12,46755407,46755407
12,46953753,46953753
12,46984740,46984740
12,47232124,47232124
12,47463578,47463578
12,47719661,47719661
12,47959927,47959927
12,48311083,48311083
12,48337317,48337317
12,48659142,48659142
12,49618550,49618550
12,49926482,49926482
12,50177728,50177728
12,50796585,50796585
12,50859785,50859785
12,50945823,50945823
12,50977480,50977480
12,51207807,51207807
12,51273593,51273593
12,51398510,51398510
12,51628219,51628219
12,51690345,51690345
12,51815968,51815968
12,51886398,51886398
12,51913376,51913376
12,52316838,52316838
12,53124642,53124642
12,53214027,53214027
12,53222372,53222372
12,53722702,53722702
12,53944905,53944905
12,54130105,54130105
12,54521621,54521621
12,54557869,54557869
12,54656461,54656461
12,54736543,54736543
12,54832938,54832938
12,54987766,54987766
12,55158817,55158817
12,55379364,55379364
12,55582027,55582027
12,55730906,55730906
12,56119830,56119830
12,56321397,56321397
12,56725387,56725387
12,56862098,56862098
12,57108209,57108209
12,57356173,57356173
12,57532536,57532536
12,57925698,57925698
12,58333639,58333639
12,58467859,58467859
12,58551898,58551898
12,58670894,58670894
12,58736879,58736879
12,59122821,59122821
12,59215060,59215060
12,59279649,59279649
12,59308083,59308083
12,59528882,59528882
12,59950024,59950024
12,60051913,60051913
12,60180160,60180160
12,60350040,60350040
12,60675479,60675479
12,60695180,60695180
12,61049898,61049898
12,61362502,61362502
12,61633057,61633057
12,61666353,61666353
12,61769030,61769030
12,61861309,61861309
12,62256072,62256072
12,62563829,62563829
12,62785180,62785180
12,62988915,62988915
12,63078798,63078798
12,63354388,63354388
12,63363294,63363294
12,63418510,63418510
12,63741743,63741743
12,64160422,64160422
12,64179194,64179194
12,64553681,64553681
12,64922378,64922378
12,64964910,64964910
12,65022537,65022537
12,65184613,65184613
12,65704125,65704125
12,65736050,65736050
12,65932196,65932196
12,65966368,65966368
12,66070181,66070181
12,66235929,66235929
12,66465385,66465385
12,66796243,66796243
12,66945959,66945959
12,67234563,67234563
12,67583126,67583126
12,67688532,67688532
12,67753993,67753993
12,68098001,68098001
12,68309300,68309300
12,68648016,68648016
12,69210963,69210963
12,69236403,69236403
12,69538467,69538467
12,70078585,70078585
12,70121819,70121819
12,70816802,70816802
12,71223469,71223469
12,71267792,71267792
12,71464261,71464261
12,71670480,71670480
12,72027116,72027116
12,72257768,72257768
12,72519468,72519468
12,73156490,73156490
12,73974130,73974130
12,74014458,74014458
12,74170778,74170778
12,74307149,74307149
12,74330271,74330271
12,74542639,74542639
12,74760251,74760251
12,74793535,74793535
12,74836893,74836893
12,75103585,75103585
12,75150024,75150024
12,75352744,75352744
12,75680177,75680177
12,75724921,75724921
12,76506871,76506871
12,76829894,76829894
12,77404822,77404822
12,77527047,77527047
12,77553287,77553287
12,77667198,77667198
12,78048102,78048102
12,78161953,78161953
12,78248573,78248573
12,78461301,78461301
12,78615020,78615020
12,78745236,78745236
12,79090901,79090901
12,79425440,79425440
12,79743612,79743612
12,80100264,80100264
12,80417871,80417871
12,80771099,80771099
12,80839278,80839278
12,81055129,81055129
12,81127013,81127013
12,81140511,81140511
12,81334855,81334855
12,81412331,81412331
12,81748292,81748292
12,81770189,81770189
12,81857566,81857566
12,82147039,82147039
12,82470691,82470691
12,82711600,82711600
12,82874183,82874183
12,83042242,83042242
12,83284734,83284734
12,83961179,83961179
12,84249374,84249374
12,84376323,84376323
12,84538368,84538368
12,84760941,84760941
12,84839133,84839133
12,85765107,85765107
12,85959781,85959781
12,86097243,86097243
12,86424473,86424473
12,86694912,86694912
12,86746966,86746966
12,86914082,86914082
12,87121410,87121410
12,87697361,87697361
12,88033206,88033206
12,88284183,88284183
12,88334554,88334554
12,88360358,88360358
12,88482913,88482913
12,88494258,88494258
12,88568646,88568646
12,88865451,88865451
12,88980529,88980529
12,88991212,88991212
12,89273000,89273000
12,89427319,89427319
12,89577266,89577266
12,89830346,89830346
12,90085527,90085527
12,90213414,90213414
12,90243862,90243862
12,90314520,90314520
12,90852495,90852495
12,90927761,90927761
12,91311763,91311763
12,91346119,91346119
12,91470735,91470735
12,91521099,91521099
12,91623355,91623355
12,91965608,91965608
12,92059328,92059328
12,92315503,92315503
12,92458153,92458153
12,92740409,92740409
12,92992068,92992068
12,93787912,93787912
12,94724423,94724423
12,94914179,94914179
12,95274692,95274692
12,95286249,95286249
12,96822681,96822681
12,96948367,96948367
12,96990273,96990273
12,97201763,97201763
12,97559016,97559016
12,98254916,98254916
12,98946645,98946645
12,99036210,99036210
12,99962315,99962315
12,100020174,100020174
12,101473990,101473990
12,101617163,101617163
12,101858724,101858724
12,102224028,102224028
12,102243649,102243649
12,102402165,102402165
12,102495546,102495546
12,102539430,102539430
12,103446682,103446682
12,103470580,103470580
12,103694151,103694151
12,104049274,104049274
12,104228158,104228158
12,104242579,104242579
12,104305512,104305512
12,104438589,104438589
12,104678572,104678572
12,104902317,104902317
12,105053159,105053159
12,105462840,105462840
12,106157932,106157932
12,106199606,106199606
12,106305104,106305104
12,106746539,106746539
12,106798526,106798526
12,107046361,107046361
12,107400103,107400103
12,108262721,108262721
12,108435829,108435829
12,108512583,108512583
12,108577818,108577818
12,109062108,109062108
12,109164580,109164580
12,109674722,109674722
12,109835575,109835575
12,110162135,110162135
12,110628295,110628295
12,111744869,111744869
12,111884597,111884597
12,112237746,112237746
12,112334766,112334766
12,112364798,112364798
12,112604908,112604908
12,112784603,112784603
12,112892447,112892447
12,114226320,114226320
12,115137876,115137876
12,115278105,115278105
12,115349722,115349722
12,115472590,115472590
12,115657084,115657084
12,115899206,115899206
12,116009671,116009671
12,116058894,116058894
12,116084884,116084884
12,116210317,116210317
12,116263609,116263609
12,116340189,116340189
12,116347339,116347339
12,116367159,116367159
12,116546717,116546717
12,117070869,117070869
12,117076276,117076276
12,117761118,117761118
12,118616176,118616176
12,118708452,118708452
12,118744458,118744458
12,119407689,119407689
12,119487677,119487677
12,120083790,120083790
12,120213670,120213670
12,121293794,121293794
12,121357390,121357390
12,121609985,121609985
12,121808579,121808579
12,121940033,121940033
12,122085895,122085895
12,122865896,122865896
12,122982338,122982338
12,123330199,123330199
12,123505151,123505151
12,123595692,123595692
12,123617521,123617521
12,124053558,124053558
12,124575781,124575781
12,124721599,124721599
12,125031627,125031627
12,125141143,125141143
12,125331907,125331907
12,126075934,126075934
12,126338367,126338367
12,126431054,126431054
12,126484201,126484201
12,126642580,126642580
12,127098902,127098902
12,127130073,127130073
12,127175426,127175426
12,127180813,127180813
12,127464041,127464041
12,128147467,128147467
12,128308290,128308290
12,128529112,128529112
12,128582988,128582988
12,128703760,128703760
12,129013958,129013958
12,130189553,130189553
12,130616681,130616681
12,130907008,130907008
12,131110405,131110405
12,131407594,131407594
12,131560296,131560296
12,131658743,131658743
12,132300033,132300033
12,133289362,133289362
13,19611911,19611911
13,19842331,19842331
13,20088541,20088541
13,20247882,20247882
13,20429299,20429299
13,20579343,20579343
13,20601390,20601390
13,21083647,21083647
13,21345974,21345974
13,21377859,21377859
13,21516990,21516990
13,22340258,22340258
13,22406782,22406782
13,22571918,22571918
13,22755459,22755459
13,22945613,22945613
13,23073516,23073516
13,23359398,23359398
13,24163966,24163966
13,24637567,24637567
13,24741052,24741052
13,25105002,25105002
13,25281145,25281145
13,25551416,25551416
13,25572074,25572074
13,25996040,25996040
13,26176585,26176585
13,26684987,26684987
13,27732582,27732582
13,27913414,27913414
13,28450412,28450412
13,28644671,28644671
13,29010122,29010122
13,29066746,29066746
13,30128874,30128874
13,30332122,30332122
13,30824941,30824941
13,30910233,30910233
13,31316530,31316530
13,31675341,31675341
13,31775270,31775270
13,31859467,31859467
13,32032144,32032144
13,32897006,32897006
13,32932062,32932062
13,32957774,32957774
13,33562278,33562278
13,33869779,33869779
13,34365174,34365174
13,34377076,34377076
13,34848359,34848359
13,35253733,35253733
13,35639558,35639558
13,35724688,35724688
13,35762641,35762641
13,35943223,35943223
13,36090490,36090490
13,36235247,36235247
13,36860936,36860936
13,36928519,36928519
13,36997772,36997772
13,37233492,37233492
13,37708765,37708765
13,37833661,37833661
13,38301069,38301069
13,38308025,38308025
13,38795519,38795519
13,38807185,38807185
13,39199204,39199204
13,39425187,39425187
13,39480325,39480325
13,39530426,39530426
13,40141501,40141501
13,40164491,40164491
13,40299881,40299881
13,40338008,40338008
13,41194458,41194458
13,41856971,41856971
13,42733252,42733252
13,42842115,42842115
13,42920310,42920310
13,43133109,43133109
13,43199138,43199138
13,43277782,43277782
13,43470829,43470829
13,43960446,43960446
13,44170975,44170975
13,44520388,44520388
13,44998755,44998755
13,45016297,45016297
13,45188986,45188986
13,45594414,45594414
13,47058905,47058905
13,47599600,47599600
13,47704234,47704234
13,47855477,47855477
13,47932353,47932353
13,48004541,48004541
13,48088198,48088198
13,48475772,48475772
13,48922201,48922201
13,48942669,48942669
13,49009904,49009904
13,49027216,49027216
13,49302837,49302837
13,49439926,49439926
13,49808286,49808286
13,49844379,49844379
13,49964073,49964073
13,50199163,50199163
13,51048502,51048502
13,52008625,52008625
13,52117479,52117479
13,52149784,52149784
13,52322404,52322404
13,52365761,52365761
13,52720798,52720798
13,52914539,52914539
13,53038353,53038353
13,53434022,53434022
13,54522121,54522121
13,54558034,54558034
13,54572982,54572982
13,54626086,54626086
13,54799729,54799729
13,54974972,54974972
13,55162710,55162710
13,55221203,55221203
13,55348749,55348749
13,55393742,55393742
13,55404348,55404348
13,55693787,55693787
13,56398462,56398462
13,56563063,56563063
13,56726327,56726327
13,57132688,57132688
13,57251114,57251114
13,57279320,57279320
13,57290999,57290999
13,57838374,57838374
13,57993626,57993626
13,58079623,58079623
13,58964570,58964570
13,59551453,59551453
13,59666609,59666609
13,59684855,59684855
13,59959274,59959274
13,60085980,60085980
13,60524634,60524634
13,60551519,60551519
13,60948102,60948102
13,61187612,61187612
13,61408897,61408897
13,61730325,61730325
13,61779749,61779749
13,62452678,62452678
13,62471897,62471897
13,62489845,62489845
13,62635774,62635774
13,62777980,62777980
13,63668142,63668142
13,64074513,64074513
13,64575764,64575764
13,64842758,64842758
13,64854621,64854621
13,65429328,65429328
13,65935557,65935557
13,66045469,66045469
13,66686020,66686020
13,66836487,66836487
13,67147108,67147108
13,67426603,67426603
13,67775625,67775625
13,68527443,68527443
13,68769107,68769107
13,68781761,68781761
13,69073911,69073911
13,69332316,69332316
13,69488205,69488205
13,69559059,69559059
13,69884618,69884618
13,69896076,69896076
13,70301152,70301152
13,70745879,70745879
13,70834018,70834018
13,71182155,71182155
13,71686477,71686477
13,71717708,71717708
13,71813347,71813347
13,71865840,71865840
13,72055541,72055541
13,72324646,72324646
13,72337800,72337800
13,72651556,72651556
13,72870584,72870584
13,73447726,73447726
13,73768949,73768949
13,74043710,74043710
13,74114967,74114967
13,74472708,74472708
13,74541088,74541088
13,74561010,74561010
13,74662249,74662249
13,74710561,74710561
13,74816775,74816775
13,75137197,75137197
13,75469396,75469396
13,75713622,75713622
13,76025536,76025536
13,76316822,76316822
13,76376067,76376067
13,76724816,76724816
13,76831631,76831631
13,77605329,77605329
13,77752504,77752504
13,78255575,78255575
13,78293519,78293519
13,78455881,78455881
13,78462537,78462537
13,78769610,78769610
13,78904493,78904493
13,80198696,80198696
13,80713858,80713858
13,80893125,80893125
13,81091804,81091804
13,81130935,81130935
13,81234596,81234596
13,81284997,81284997
13,81702360,81702360
13,82075263,82075263
13,82114789,82114789
13,82123910,82123910
13,82185910,82185910
13,82456777,82456777
13,82633841,82633841
13,82967711,82967711
13,83054225,83054225
13,83069354,83069354
13,83114860,83114860
13,83483247,83483247
13,83933944,83933944
13,84544276,84544276
13,84644028,84644028
13,84731880,84731880
13,84926803,84926803
13,85028549,85028549
13,85722241,85722241
13,86014678,86014678
13,86162238,86162238
13,86616344,86616344
13,87082196,87082196
13,87507645,87507645
13,87658983,87658983
13,87911551,87911551
13,88555947,88555947
13,88666357,88666357
13,88743016,88743016
13,89190666,89190666
13,89292955,89292955
13,89727305,89727305
13,89828781,89828781
13,90020298,90020298
13,90130654,90130654
13,90159185,90159185
13,90171723,90171723
13,90442068,90442068
13,90837150,90837150
13,90873537,90873537
13,91072609,91072609
13,91228247,91228247
13,91323804,91323804
13,91345505,91345505
13,91392772,91392772
13,91455631,91455631
13,91592892,91592892
13,91772251,91772251
13,92532075,92532075
13,92878378,92878378
13,92909133,92909133
13,93092297,93092297
13,93514124,93514124
13,93730111,93730111
13,93766076,93766076
13,94192095,94192095
13,94360289,94360289
13,95380327,95380327
13,96238365,96238365
13,96473835,96473835
13,96493592,96493592
13,97014316,97014316
13,97165170,97165170
13,97397784,97397784
13,97736840,97736840
13,97788480,97788480
13,98016451,98016451
13,98112027,98112027
13,98208922,98208922
13,98691474,98691474
13,98995551,98995551
13,99080916,99080916
13,99702282,99702282
13,100128288,100128288
13,100202758,100202758
13,100275906,100275906
13,100290054,100290054
13,100502362,100502362
13,100602152,100602152
13,100712215,100712215
13,100881857,100881857
13,101432770,101432770
13,101663948,101663948
13,101955406,101955406
13,102201161,102201161
13,102452698,102452698
13,102479421,102479421
13,102714996,102714996
13,102870247,102870247
13,102888458,102888458
13,103099826,103099826
13,103274981,103274981
13,103630637,103630637
13,103688617,103688617
13,104047175,104047175
13,104247947,104247947
13,104405023,104405023
13,105051807,105051807
13,105149302,105149302
13,105313762,105313762
13,105957069,105957069
13,106384043,106384043
13,106736597,106736597
13,106803608,106803608
13,107032201,107032201
13,107197629,107197629
13,107589815,107589815
13,107794528,107794528
13,108053542,108053542
13,108142773,108142773
13,108238730,108238730
13,108356466,108356466
13,108396432,108396432
13,108542774,108542774
13,108582550,108582550
13,108634396,108634396
13,109150247,109150247
13,109530017,109530017
13,109877088,109877088
13,109933408,109933408
13,110071901,110071901
13,110687195,110687195
13,110870235,110870235
13,110940999,110940999
13,111782682,111782682
13,112695664,112695664
13,113019426,113019426
13,113296701,113296701
13,113955555,113955555
13,113974068,113974068
13,114573398,114573398
13,114966370,114966370
13,115051450,115051450
14,20758604,20758604
14,20930975,20930975
14,21060833,21060833
14,21254965,21254965
14,21291697,21291697
14,21372424,21372424
14,21685894,21685894
14,22038896,22038896
14,22362757,22362757
14,22476528,22476528
14,22767966,22767966
14,22987470,22987470
14,23097223,23097223
14,24161346,24161346
14,24381118,24381118
14,24784261,24784261
14,24891756,24891756
14,25903420,25903420
14,25959026,25959026
14,26207742,26207742
14,26333322,26333322
14,26378429,26378429
14,27253096,27253096
14,27396726,27396726
14,27637499,27637499
14,27765979,27765979
14,27824443,27824443
14,27999652,27999652
14,28062430,28062430
14,28457312,28457312
14,28811830,28811830
14,28836705,28836705
14,28933728,28933728
14,29113919,29113919
14,30194559,30194559
14,30423283,30423283
14,30474462,30474462
14,30977213,30977213
14,31353871,31353871
14,31879466,31879466
14,31991091,31991091
14,32843402,32843402
14,33006737,33006737
14,33277390,33277390
14,33553437,33553437
14,33758089,33758089
14,34328585,34328585
14,34445802,34445802
14,34485978,34485978
14,34699591,34699591
14,35168837,35168837
14,35806916,35806916
14,36212551,36212551
14,36284996,36284996
14,36814032,36814032
14,37545447,37545447
14,37933521,37933521
14,38329005,38329005
14,38408181,38408181
14,38649948,38649948
14,39786838,39786838
14,39915808,39915808
14,40440664,40440664
14,40453894,40453894
14,40830800,40830800
14,41148941,41148941
14,41562024,41562024
14,41618664,41618664
14,41867599,41867599
14,41948695,41948695
14,42229045,42229045
14,42317045,42317045
14,42677378,42677378
14,43010023,43010023
14,43216220,43216220
14,43993209,43993209
14,44013886,44013886
14,44020790,44020790
14,44291472,44291472
14,44350560,44350560
14,44387126,44387126
14,44399316,44399316
14,44419947,44419947
14,44692026,44692026
14,44740041,44740041
14,44759350,44759350
14,44779159,44779159
14,44840391,44840391
14,45014728,45014728
14,45077380,45077380
14,45359867,45359867
14,45406621,45406621
14,45564498,45564498
14,46216276,46216276
14,46256107,46256107
14,46440214,46440214
14,46675052,46675052
14,46860575,46860575
14,47023566,47023566
14,47249906,47249906
14,47914414,47914414
14,48417865,48417865
14,49059191,49059191
14,49185140,49185140
14,49275551,49275551
14,49803183,49803183
14,50195171,50195171
14,50256218,50256218
14,51034136,51034136
14,51155345,51155345
14,51219377,51219377
14,51245489,51245489
14,51426568,51426568
14,51721488,51721488
14,51985648,51985648
14,52928190,52928190
14,53128583,53128583
14,53891603,53891603
14,54160702,54160702
14,54335368,54335368
14,54525272,54525272
14,55327049,55327049
14,55367960,55367960
14,56049342,56049342
14,56084769,56084769
14,56137486,56137486
14,56168316,56168316
14,56410527,56410527
14,56447368,56447368
14,56525401,56525401
14,56792255,56792255
14,56965971,56965971
14,57255331,57255331
14,57347786,57347786
14,57648019,57648019
14,57787235,57787235
14,57867001,57867001
14,57905979,57905979
14,58336510,58336510
14,58787071,58787071
14,58954763,58954763
14,58972202,58972202
14,59378852,59378852
14,59453773,59453773
14,59503086,59503086
14,59682968,59682968
14,60001734,60001734
14,60012835,60012835
14,60147028,60147028
14,60406447,60406447
14,60603542,60603542
14,61062470,61062470
14,61701887,61701887
14,61791972,61791972
14,61903325,61903325
14,62047083,62047083
14,62191977,62191977
14,62322359,62322359
14,62466203,62466203
14,63298469,63298469
14,63399423,63399423
14,63456355,63456355
14,63672047,63672047
14,63771279,63771279
14,63777076,63777076
14,64061092,64061092
14,64401266,64401266
14,64546417,64546417
14,64613273,64613273
14,64912983,64912983
14,65304431,65304431
14,65403456,65403456
14,65436181,65436181
14,65544132,65544132
14,65550495,65550495
14,65568278,65568278
14,66073886,66073886
14,66313407,66313407
14,66590348,66590348
14,66788949,66788949
14,66803359,66803359
14,66874146,66874146
14,67021887,67021887
14,67147850,67147850
14,67346726,67346726
14,67403220,67403220
14,67579545,67579545
14,67670648,67670648
14,68678471,68678471
14,68715904,68715904
14,69071377,69071377
14,69150820,69150820
14,69740234,69740234
14,70413241,70413241
14,70805431,70805431
14,71337580,71337580
14,71561307,71561307
14,71853026,71853026
14,71909720,71909720
14,71919435,71919435
14,72208980,72208980
14,72998666,72998666
14,73068436,73068436
14,73246004,73246004
14,74169851,74169851
14,74436708,74436708
14,74773241,74773241
14,75200765,75200765
14,75395982,75395982
14,75828373,75828373
14,76281812,76281812
14,76341081,76341081
14,77350342,77350342
14,77459639,77459639
14,77698214,77698214
14,77976006,77976006
14,78820455,78820455
14,78944286,78944286
14,79142001,79142001
14,79390931,79390931
14,79441120,79441120
14,79736253,79736253
14,80323136,80323136
14,80345811,80345811
14,80478875,80478875
14,80492690,80492690
14,80817561,80817561
14,80872441,80872441
14,80976013,80976013
14,81524588,81524588
14,81534626,81534626
14,81547075,81547075
14,81557413,81557413
14,81803374,81803374
14,81938136,81938136
14,82204532,82204532
14,82624619,82624619
14,82664378,82664378
14,82702450,82702450
14,82712541,82712541
14,82912549,82912549
14,83004036,83004036
14,83059307,83059307
14,83591616,83591616
14,84091408,84091408
14,84101469,84101469
14,84198806,84198806
14,84371973,84371973
14,84428308,84428308
14,84552382,84552382
14,84966168,84966168
14,85296590,85296590
14,85482796,85482796
14,85640001,85640001
14,85757082,85757082
14,85916164,85916164
14,86678452,86678452
14,87240179,87240179
14,87470787,87470787
14,87523822,87523822
14,87933889,87933889
14,87999712,87999712
14,88619226,88619226
14,88679836,88679836
14,88749852,88749852
14,88893518,88893518
14,89174028,89174028
14,89463561,89463561
14,89791085,89791085
14,89831609,89831609
14,90245164,90245164
14,90376179,90376179
14,90608535,90608535
14,91053522,91053522
14,91264199,91264199
14,91410088,91410088
14,91471634,91471634
14,92264945,92264945
14,92367482,92367482
14,92390414,92390414
14,92439162,92439162
14,92474071,92474071
14,93414645,93414645
14,93670767,93670767
14,93695627,93695627
14,94397347,94397347
14,94514368,94514368
14,94649930,94649930
14,95578035,95578035
14,95815831,95815831
14,96053235,96053235
14,96520879,96520879
14,96604782,96604782
14,96928636,96928636
14,96971076,96971076
14,97375383,97375383
14,97434093,97434093
14,97583476,97583476
14,97590517,97590517
14,97707819,97707819
14,99448026,99448026
14,99900385,99900385
14,99964550,99964550
14,100284092,100284092
14,100327783,100327783
14,100407430,100407430
14,100485510,100485510
14,100651611,100651611
14,100972654,100972654
14,101283806,101283806
14,101455569,101455569
14,101518142,101518142
14,102286871,102286871
14,102607082,102607082
14,104258079,104258079
14,105908232,105908232
14,107024726,107024726
14,107036076,107036076
15,20486224,20486224
15,23018265,23018265
15,23880396,23880396
15,23994149,23994149
15,24277262,24277262
15,24304003,24304003
15,24318404,24318404
15,25024299,25024299
15,25778918,25778918
15,26130104,26130104
15,26447834,26447834
15,26491725,26491725
15,27172829,27172829
15,27423740,27423740
15,27524726,27524726
15,27753818,27753818
15,27815086,27815086
15,28069599,28069599
15,28258396,28258396
15,31899291,31899291
15,32329476,32329476
15,33363283,33363283
15,33597358,33597358
15,33959448,33959448
15,34042015,34042015
15,34143862,34143862
15,34367984,34367984
15,34496979,34496979
15,34512472,34512472
15,34649178,34649178
15,35287545,35287545
15,35806057,35806057
15,36323503,36323503
15,36648211,36648211
15,36967326,36967326
15,36992185,36992185
15,37129815,37129815
15,37433868,37433868
15,38280363,38280363
15,38660878,38660878
15,39154424,39154424
15,39426938,39426938
15,39976750,39976750
15,40462319,40462319
15,40476076,40476076
15,40488900,40488900
15,40498590,40498590
15,40940499,40940499
15,41131053,41131053
15,41342291,41342291
15,41752113,41752113
15,41800891,41800891
15,41879039,41879039
15,42587814,42587814
15,42902530,42902530
15,43209254,43209254
15,43308462,43308462
15,43654443,43654443
15,43828737,43828737
15,44054568,44054568
15,44665838,44665838
15,44908926,44908926
15,45160544,45160544
15,45479125,45479125
15,45697516,45697516
15,46063250,46063250
15,46685616,46685616
15,46983164,46983164
15,47146394,47146394
15,47169691,47169691
15,47633417,47633417
15,47668287,47668287
15,48270720,48270720
15,48320378,48320378
15,48727776,48727776
15,48957047,48957047
15,49455775,49455775
15,49505315,49505315
15,49721653,49721653
15,49752398,49752398
15,50568128,50568128
15,50680829,50680829
15,50746413,50746413
15,50853368,50853368
15,51311949,51311949
15,51519038,51519038
15,51679692,51679692
15,51752232,51752232
15,51791678,51791678
15,52262842,52262842
15,52860264,52860264
15,52961429,52961429
15,53298310,53298310
15,53461676,53461676
15,53697481,53697481
15,53891643,53891643
15,54743886,54743886
15,55005446,55005446
15,56132928,56132928
15,56573375,56573375
15,56640118,56640118
15,57493387,57493387
15,57511665,57511665
15,57535721,57535721
15,58236489,58236489
15,58312621,58312621
15,58667267,58667267
15,58728722,58728722
15,58933757,58933757
15,60023110,60023110
15,60306911,60306911
15,60405141,60405141
15,60433044,60433044
15,60614390,60614390
15,60733053,60733053
15,61430187,61430187
15,61538612,61538612
15,61680351,61680351
15,61844965,61844965
15,62139512,62139512
15,62331931,62331931
15,62681337,62681337
15,63194443,63194443
15,63486783,63486783
15,64181234,64181234
15,64432669,64432669
15,65032440,65032440
15,65070574,65070574
15,65217166,65217166
15,65254656,65254656
15,65665230,65665230
15,65738673,65738673
15,66040746,66040746
15,66188786,66188786
15,66380615,66380615
15,66451564,66451564
15,66677648,66677648
15,67144529,67144529
15,67325433,67325433
15,67991327,67991327
15,68245406,68245406
15,68261361,68261361
15,68301639,68301639
15,68816761,68816761
15,68956036,68956036
15,69215693,69215693
15,69543869,69543869
15,69739138,69739138
15,69876687,69876687
15,70593638,70593638
15,70984128,70984128
15,71624575,71624575
15,71766172,71766172
15,71817505,71817505
15,72288188,72288188
15,72477396,72477396
15,72687324,72687324
15,73039907,73039907
15,73160482,73160482
15,73652288,73652288
15,74124093,74124093
15,74164207,74164207
15,74228789,74228789
15,75217756,75217756
15,75290610,75290610
15,75614259,75614259
15,76190461,76190461
15,76325384,76325384
15,76826708,76826708
15,76857519,76857519
15,76920939,76920939
15,77256228,77256228
15,77404316,77404316
15,77457815,77457815
15,77504618,77504618
15,77760450,77760450
15,78317221,78317221
15,78326666,78326666
15,78619931,78619931
15,78653591,78653591
15,79213409,79213409
15,79528029,79528029
15,79564402,79564402
15,79939170,79939170
15,80282665,80282665
15,80444177,80444177
15,80469339,80469339
15,80557847,80557847
15,80986506,80986506
15,81380790,81380790
15,81546562,81546562
15,81615424,81615424
15,81633821,81633821
15,81667327,81667327
15,81791682,81791682
15,81901677,81901677
15,82038888,82038888
15,82064164,82064164
15,82071315,82071315
15,82569546,82569546
15,83220137,83220137
15,83446032,83446032
15,83845380,83845380
15,83857152,83857152
15,84149595,84149595
15,85103283,85103283
15,85349630,85349630
15,86071063,86071063
15,86381185,86381185
15,86468738,86468738
15,86708841,86708841
15,86742519,86742519
15,87300385,87300385
15,87628862,87628862
15,87909244,87909244
15,88126935,88126935
15,88240083,88240083
15,88423603,88423603
15,88472369,88472369
15,88699543,88699543
15,88770796,88770796
15,89019398,89019398
15,90277021,90277021
15,91044835,91044835
15,91099282,91099282
15,91181989,91181989
15,91292909,91292909
15,91923642,91923642
15,91930687,91930687
15,92110054,92110054
15,92369614,92369614
15,92848166,92848166
15,92896889,92896889
15,93044423,93044423
15,93046223,93046223
15,93984860,93984860
15,94192653,94192653
15,94609313,94609313
15,94614701,94614701
15,94622470,94622470
15,94824668,94824668
15,95182891,95182891
15,95285358,95285358
15,96154741,96154741
15,96236904,96236904
15,96357073,96357073
15,96365737,96365737
15,96520033,96520033
15,97179515,97179515
15,97348436,97348436
15,97667236,97667236
15,97777359,97777359
15,97867711,97867711
15,98102807,98102807
15,99006407,99006407
15,99123901,99123901
15,99166699,99166699
15,99998442,99998442
15,100112157,100112157
15,100233612,100233612
15,100752721,100752721
15,101164021,101164021
15,101596768,101596768
15,102071898,102071898
15,102122396,102122396
16,1274327,1274327
16,1643281,1643281
16,1683125,1683125
16,2105490,2105490
16,2916810,2916810
16,3705505,3705505
16,3788565,3788565
16,3860725,3860725
16,3900857,3900857
16,4356888,4356888
16,4443520,4443520
16,4828915,4828915
16,5177424,5177424
16,6110699,6110699
16,6204109,6204109
16,6395474,6395474
16,7254338,7254338
16,7268804,7268804
16,7569481,7569481
16,8524022,8524022
16,9104171,9104171
16,9119861,9119861
16,9138184,9138184
16,9270566,9270566
16,9586910,9586910
16,9896222,9896222
16,9999959,9999959
16,10021545,10021545
16,10126031,10126031
16,10152220,10152220
16,10316112,10316112
16,10344494,10344494
16,10557443,10557443
16,10654051,10654051
16,11302777,11302777
16,11959656,11959656
16,12282804,12282804
16,12315620,12315620
16,12492242,12492242
16,12835060,12835060
16,12896021,12896021
16,13530789,13530789
16,13573459,13573459
16,13665834,13665834
16,14028088,14028088
16,14038688,14038688
16,14337170,14337170
16,15853503,15853503
16,16269379,16269379
16,17125521,17125521
16,17515561,17515561
16,17638277,17638277
16,18110694,18110694
16,18857429,18857429
16,19549489,19549489
16,19859620,19859620
16,19949287,19949287
16,20284985,20284985
16,20907321,20907321
16,21234507,21234507
16,21314181,21314181
16,22112687,22112687
16,22121669,22121669
16,22211359,22211359
16,22229123,22229123
16,22421375,22421375
16,22712858,22712858
16,22816105,22816105
16,22871630,22871630
16,23252185,23252185
16,23585731,23585731
16,24051731,24051731
16,24270191,24270191
16,24387567,24387567
16,24451805,24451805
16,24472097,24472097
16,25291038,25291038
16,25427353,25427353
16,25847428,25847428
16,26232528,26232528
16,26268382,26268382
16,26287210,26287210
16,26325292,26325292
16,26651979,26651979
16,26875025,26875025
16,26965941,26965941
16,27086179,27086179
16,27298787,27298787
16,27782710,27782710
16,28049234,28049234
16,28990859,28990859
16,29957667,29957667
16,30498239,30498239
16,30509476,30509476
16,31240467,31240467
16,32629456,32629456
16,34451559,34451559
16,34587764,34587764
16,34938437,34938437
16,34948760,34948760
16,35168732,35168732
16,46615689,46615689
16,48814854,48814854
16,48846515,48846515
16,48853305,48853305
16,49089044,49089044
16,50783508,50783508
16,50809078,50809078
16,50818290,50818290
16,50827489,50827489
16,51026065,51026065
16,51214348,51214348
16,51327872,51327872
16,51440691,51440691
16,51538287,51538287
16,51884872,51884872
16,51916999,51916999
16,52179310,52179310
16,52510074,52510074
16,52724894,52724894
16,52750927,52750927
16,53326557,53326557
16,53701020,53701020
16,53742818,53742818
16,54109479,54109479
16,54407779,54407779
16,54424924,54424924
16,54456856,54456856
16,54982270,54982270
16,55194440,55194440
16,55343929,55343929
16,56030009,56030009
16,56073629,56073629
16,56269574,56269574
16,56997444,56997444
16,57747212,57747212
16,57840634,57840634
16,58187490,58187490
16,58462606,58462606
16,58580370,58580370
16,58619265,58619265
16,58729932,58729932
16,59294429,59294429
16,59317454,59317454
16,60454530,60454530
16,60816713,60816713
16,60829775,60829775
16,60927568,60927568
16,61149573,61149573
16,61211602,61211602
16,61295144,61295144
16,62021782,62021782
16,62765110,62765110
16,62838629,62838629
16,63062927,63062927
16,63113356,63113356
16,63189201,63189201
16,63208894,63208894
16,63253056,63253056
16,63454081,63454081
16,63470030,63470030
16,63552969,63552969
16,63822319,63822319
16,63838664,63838664
16,64587892,64587892
16,65022198,65022198
16,65095347,65095347
16,65217932,65217932
16,65248033,65248033
16,65255387,65255387
16,65736443,65736443
16,66403722,66403722
16,66585196,66585196
16,66770215,66770215
16,66812914,66812914
16,67116137,67116137
16,67133721,67133721
16,67229965,67229965
16,67303931,67303931
16,67399100,67399100
16,68515104,68515104
16,68842379,68842379
16,68848549,68848549
16,68891211,68891211
16,69445371,69445371
16,69483624,69483624
16,69651599,69651599
16,69891050,69891050
16,69973308,69973308
16,70121825,70121825
16,70674326,70674326
16,70723181,70723181
16,70750834,70750834
16,70811294,70811294
16,70845301,70845301
16,71303497,71303497
16,71778583,71778583
16,71962054,71962054
16,72650601,72650601
16,72771615,72771615
16,72870151,72870151
16,72885976,72885976
16,73760934,73760934
16,73978310,73978310
16,74224426,74224426
16,74710829,74710829
16,75918840,75918840
16,75931699,75931699
16,76059598,76059598
16,76518790,76518790
16,76984841,76984841
16,77117492,77117492
16,77292810,77292810
16,77328699,77328699
16,77626096,77626096
16,77722856,77722856
16,77941642,77941642
16,78048073,78048073
16,78241567,78241567
16,78442575,78442575
16,78751356,78751356
16,80055782,80055782
16,80081925,80081925
16,80198775,80198775
16,80723362,80723362
16,80839990,80839990
16,81480200,81480200
16,82280943,82280943
16,82392713,82392713
16,82592876,82592876
16,82868608,82868608
16,83088635,83088635
16,83215872,83215872
16,83327955,83327955
16,83399884,83399884
16,84744202,84744202
16,84754966,84754966
16,86667111,86667111
16,86701095,86701095
16,86852792,86852792
16,87098209,87098209
16,87621259,87621259
16,87641391,87641391
16,87653435,87653435
16,88335347,88335347
16,88941745,88941745
16,89627894,89627894
16,89833622,89833622
16,89858422,89858422
16,89911803,89911803
16,90025049,90025049
17,123515,123515
17,626774,626774
17,668575,668575
17,1559951,1559951
17,1919928,1919928
17,2459802,2459802
17,2548040,2548040
17,3259945,3259945
17,4050725,4050725
17,5292243,5292243
17,5444933,5444933
17,5613060,5613060
17,6421440,6421440
17,6737206,6737206
17,6810630,6810630
17,6938547,6938547
17,7569509,7569509
17,7576865,7576865
17,7999688,7999688
17,8440619,8440619
17,8512444,8512444
17,8578023,8578023
17,8908266,8908266
17,9057303,9057303
17,9470098,9470098
17,9821411,9821411
17,10326325,10326325
17,10600047,10600047
17,10824215,10824215
17,11043180,11043180
17,11129353,11129353
17,11510558,11510558
17,11873366,11873366
17,12043184,12043184
17,12133459,12133459
17,12784053,12784053
17,12882413,12882413
17,12963547,12963547
17,13019589,13019589
17,13119895,13119895
17,13192183,13192183
17,13246903,13246903
17,13306375,13306375
17,14011682,14011682
17,14171955,14171955
17,14180710,14180710
17,14391327,14391327
17,14431373,14431373
17,14609511,14609511
17,15148063,15148063
17,15358735,15358735
17,15415020,15415020
17,15809857,15809857
17,16189860,16189860
17,17685213,17685213
17,18055583,18055583
17,19268064,19268064
17,19524104,19524104
17,19686556,19686556
17,20619311,20619311
17,20885347,20885347
17,21307604,21307604
17,21308420,21308420
17,21769556,21769556
17,22007829,22007829
17,25471469,25471469
17,25665278,25665278
17,25873058,25873058
17,26090145,26090145
17,26153722,26153722
17,26345731,26345731
17,26417662,26417662
17,27835974,27835974
17,27904985,27904985
17,28461357,28461357
17,28705355,28705355
17,29203532,29203532
17,29311851,29311851
17,29424151,29424151
17,29484009,29484009
17,29508497,29508497
17,29528125,29528125
17,29557315,29557315
17,29563003,29563003
17,29573405,29573405
17,29663406,29663406
17,29709178,29709178
17,30019516,30019516
17,30315508,30315508
17,30321702,30321702
17,30436732,30436732
17,30467268,30467268
17,30807331,30807331
17,31222888,31222888
17,31582455,31582455
17,31687953,31687953
17,31703928,31703928
17,31860483,31860483
17,32155760,32155760
17,32486530,32486530
17,32655362,32655362
17,32792875,32792875
17,32949076,32949076
17,33162808,33162808
17,33248405,33248405
17,33385762,33385762
17,33784083,33784083
17,33994207,33994207
17,34165428,34165428
17,34387080,34387080
17,34909074,34909074
17,35278448,35278448
17,35469516,35469516
17,35588313,35588313
17,36111890,36111890
17,36872295,36872295
17,37044807,37044807
17,37127938,37127938
17,37167419,37167419
17,37619166,37619166
17,37665959,37665959
17,37672032,37672032
17,37688240,37688240
17,37863428,37863428
17,38114055,38114055
17,38582802,38582802
17,38923700,38923700
17,39040313,39040313
17,39213033,39213033
17,39289090,39289090
17,39447734,39447734
17,40474336,40474336
17,40498635,40498635
17,40598519,40598519
17,40629194,40629194
17,40810639,40810639
17,41151844,41151844
17,41197084,41197084
17,41228571,41228571
17,41247879,41247879
17,41277443,41277443
17,41687423,41687423
17,41708756,41708756
17,41782461,41782461
17,41881126,41881126
17,42222842,42222842
17,42255286,42255286
17,43316427,43316427
17,44821073,44821073
17,45212836,45212836
17,45902053,45902053
17,47112771,47112771
17,47263803,47263803
17,47344679,47344679
17,47400373,47400373
17,48325570,48325570
17,48521116,48521116
17,49067124,49067124
17,49157517,49157517
17,49293762,49293762
17,49457273,49457273
17,49852942,49852942
17,50346728,50346728
17,50455738,50455738
17,50544747,50544747
17,51061620,51061620
17,51119817,51119817
17,51196249,51196249
17,51329771,51329771
17,51763402,51763402
17,52153995,52153995
17,52395953,52395953
17,52821003,52821003
17,52877953,52877953
17,53241058,53241058
17,53772986,53772986
17,54262476,54262476
17,55334389,55334389
17,55348657,55348657
17,55435374,55435374
17,55810516,55810516
17,57564039,57564039
17,57733263,57733263
17,57740792,57740792
17,57752181,57752181
17,57760001,57760001
17,57918072,57918072
17,58827629,58827629
17,58863161,58863161
17,59029528,59029528
17,59082264,59082264
17,59402736,59402736
17,59793384,59793384
17,59934561,59934561
17,60024142,60024142
17,60270668,60270668
17,61324139,61324139
17,61903708,61903708
17,61988126,61988126
17,62089468,62089468
17,62674624,62674624
17,63236071,63236071
17,63342586,63342586
17,63665145,63665145
17,63738144,63738144
17,63763497,63763497
17,63814690,63814690
17,64014403,64014403
17,64349424,64349424
17,64484538,64484538
17,65138180,65138180
17,65270477,65270477
17,65751652,65751652
17,66472136,66472136
17,66547271,66547271
17,66964074,66964074
17,68124979,68124979
17,68201898,68201898
17,68226108,68226108
17,68392226,68392226
17,68596672,68596672
17,68629622,68629622
17,68641592,68641592
17,69193953,69193953
17,69648741,69648741
17,69667389,69667389
17,70002913,70002913
17,71246384,71246384
17,71685974,71685974
17,72071389,72071389
17,72109874,72109874
17,72332940,72332940
17,72625001,72625001
17,72730856,72730856
17,72749096,72749096
17,73225237,73225237
17,73299276,73299276
17,73907609,73907609
17,73940086,73940086
17,74730744,74730744
17,74762873,74762873
17,75054175,75054175
17,75541587,75541587
17,76041905,76041905
17,76083403,76083403
17,76254648,76254648
17,76485134,76485134
17,77642917,77642917
17,77785726,77785726
17,77838768,77838768
17,78268776,78268776
17,78943973,78943973
17,79589793,79589793
17,79852743,79852743
17,80110611,80110611
17,80270102,80270102
17,81016320,81016320
18,244672,244672
18,294422,294422
18,387791,387791
18,727057,727057
18,960726,960726
18,1178345,1178345
18,1676957,1676957
18,1874622,1874622
18,2059018,2059018
18,2122362,2122362
18,2165079,2165079
18,2693510,2693510
18,2875554,2875554
18,3075703,3075703
18,3218205,3218205
18,3571075,3571075
18,3598635,3598635
18,4248557,4248557
18,4293970,4293970
18,4448834,4448834
18,4470260,4470260
18,4656328,4656328
18,4839426,4839426
18,5156596,5156596
18,6514745,6514745
18,6787834,6787834
18,7490340,7490340
18,7653892,7653892
18,8195418,8195418
18,8525194,8525194
18,8655295,8655295
18,8729934,8729934
18,8860463,8860463
18,9004430,9004430
18,9077517,9077517
18,9139090,9139090
18,9348990,9348990
18,9877962,9877962
18,10046053,10046053
18,10194837,10194837
18,10552792,10552792
18,10701277,10701277
18,10849114,10849114
18,11163464,11163464
18,11324932,11324932
18,11431996,11431996
18,11462702,11462702
18,11687285,11687285
18,11805554,11805554
18,11857105,11857105
18,12483830,12483830
18,12662403,12662403
18,12806717,12806717
18,12940849,12940849
18,13133136,13133136
18,13183956,13183956
18,13584342,13584342
18,13821771,13821771
18,13867106,13867106
18,13922262,13922262
18,14016040,14016040
18,18549402,18549402
18,18646676,18646676
18,18804460,18804460
18,18859582,18859582
18,18957444,18957444
18,19393009,19393009
18,19454747,19454747
18,19523574,19523574
18,19779497,19779497
18,20137265,20137265
18,20205693,20205693
18,20454086,20454086
18,20524643,20524643
18,20679559,20679559
18,21085405,21085405
18,21969284,21969284
18,22669465,22669465
18,22689780,22689780
18,22887187,22887187
18,22896052,22896052
18,23009379,23009379
18,23378216,23378216
18,23513490,23513490
18,23634677,23634677
18,23697268,23697268
18,24213092,24213092
18,24280363,24280363
18,24368240,24368240
18,24502085,24502085
18,24533125,24533125
18,24645872,24645872
18,24653904,24653904
18,24786522,24786522
18,24821593,24821593
18,25162199,25162199
18,25377891,25377891
18,25526934,25526934
18,25620485,25620485
18,25661748,25661748
18,25832402,25832402
18,26156148,26156148
18,26290058,26290058
18,26461742,26461742
18,26474973,26474973
18,26795792,26795792
18,26795795,26795795
18,26832442,26832442
18,27034663,27034663
18,27066015,27066015
18,27125224,27125224
18,27402563,27402563
18,27594382,27594382
18,27626115,27626115
18,27782765,27782765
18,28237808,28237808
18,28359168,28359168
18,28726756,28726756
18,28812213,28812213
18,29143598,29143598
18,29208577,29208577
18,29352858,29352858
18,29664421,29664421
18,29692183,29692183
18,30628331,30628331
18,30698858,30698858
18,30726380,30726380
18,30943426,30943426
18,31009678,31009678
18,31207616,31207616
18,31214701,31214701
18,31299260,31299260
18,31545872,31545872
18,31577202,31577202
18,32827408,32827408
18,32962086,32962086
18,34209825,34209825
18,34907812,34907812
18,35461568,35461568
18,35498582,35498582
18,36050416,36050416
18,36130823,36130823
18,36577648,36577648
18,36624230,36624230
18,36902561,36902561
18,36990634,36990634
18,37193970,37193970
18,37335698,37335698
18,37439379,37439379
18,37496938,37496938
18,37804267,37804267
18,38245079,38245079
18,38518426,38518426
18,39097591,39097591
18,39252555,39252555
18,39265690,39265690
18,39463738,39463738
18,39588799,39588799
18,39758283,39758283
18,39834499,39834499
18,40133048,40133048
18,40176049,40176049
18,40284413,40284413
18,40621358,40621358
18,40634931,40634931
18,40752974,40752974
18,40968541,40968541
18,41054302,41054302
18,41124271,41124271
18,41647978,41647978
18,41777248,41777248
18,42539804,42539804
18,42842796,42842796
18,42860550,42860550
18,43313671,43313671
18,43344292,43344292
18,43528110,43528110
18,43625762,43625762
18,44004153,44004153
18,44631980,44631980
18,45090585,45090585
18,45115628,45115628
18,45733091,45733091
18,46433608,46433608
18,47546554,47546554
18,47804862,47804862
18,48144886,48144886
18,48370797,48370797
18,48658808,48658808
18,48715953,48715953
18,48783206,48783206
18,48944476,48944476
18,48952465,48952465
18,49088400,49088400
18,49453591,49453591
18,49550581,49550581
18,49644804,49644804
18,50153309,50153309
18,50299591,50299591
18,50697576,50697576
18,51864042,51864042
18,52685056,52685056
18,52850909,52850909
18,52938666,52938666
18,53570131,53570131
18,53587245,53587245
18,53668772,53668772
18,53746911,53746911
18,53820885,53820885
18,53853491,53853491
18,54176869,54176869
18,54444165,54444165
18,54795616,54795616
18,54804585,54804585
18,55451740,55451740
18,56024290,56024290
18,56381334,56381334
18,56409130,56409130
18,56610822,56610822
18,56945737,56945737
18,57253647,57253647
18,57531580,57531580
18,57730219,57730219
18,57838605,57838605
18,57946205,57946205
18,58245853,58245853
18,58526461,58526461
18,58579566,58579566
18,58615429,58615429
18,58836292,58836292
18,59219704,59219704
18,59266053,59266053
18,59320601,59320601
18,61023010,61023010
18,61136281,61136281
18,61148549,61148549
18,61229465,61229465
18,61251693,61251693
18,62012824,62012824
18,63098788,63098788
18,63188766,63188766
18,63624112,63624112
18,64173605,64173605
18,64372383,64372383
18,64550334,64550334
18,64709960,64709960
18,64779352,64779352
18,64866753,64866753
18,65101142,65101142
18,65435556,65435556
18,65991301,65991301
18,66517702,66517702
18,67079783,67079783
18,67456846,67456846
18,67607286,67607286
18,67641557,67641557
18,67858643,67858643
18,67908032,67908032
18,67954409,67954409
18,68341595,68341595
18,69002586,69002586
18,69687674,69687674
18,70128296,70128296
18,70432565,70432565
18,70580496,70580496
18,70667937,70667937
18,70676579,70676579
18,71219368,71219368
18,71903432,71903432
18,72074869,72074869
18,72117908,72117908
18,72225325,72225325
18,72336783,72336783
18,72845700,72845700
18,73090399,73090399
18,73746828,73746828
18,73819849,73819849
18,75139325,75139325
18,75720472,75720472
18,75804671,75804671
18,76167617,76167617
18,76210126,76210126
18,76355400,76355400
18,76664614,76664614
18,76769758,76769758
18,76918736,76918736
18,77262449,77262449
18,77366703,77366703
19,1057537,1057537
19,1529632,1529632
19,1632073,1632073
19,2764959,2764959
19,2808988,2808988
19,3724823,3724823
19,4362359,4362359
19,4393065,4393065
19,4444075,4444075
19,4504874,4504874
19,4779373,4779373
19,5186896,5186896
19,5401263,5401263
19,6057268,6057268
19,6226995,6226995
19,6974798,6974798
19,8521592,8521592
19,8557584,8557584
19,8789164,8789164
19,10316826,10316826
19,10886571,10886571
19,10914704,10914704
19,11051896,11051896
19,11095014,11095014
19,11123325,11123325
19,11345340,11345340
19,11423215,11423215
19,11589822,11589822
19,11987298,11987298
19,12114350,12114350
19,12306935,12306935
19,12322913,12322913
19,12351955,12351955
19,13784718,13784718
19,14903556,14903556
19,14927369,14927369
19,14937697,14937697
19,15082185,15082185
19,15095211,15095211
19,15210666,15210666
19,15263203,15263203
19,15358253,15358253
19,15394075,15394075
19,15407932,15407932
19,16927812,16927812
19,17015637,17015637
19,17446408,17446408
19,17481270,17481270
19,17700678,17700678
19,18518177,18518177
19,18901618,18901618
19,19392229,19392229
19,19413277,19413277
19,19929602,19929602
19,20678588,20678588
19,21309293,21309293
19,21475553,21475553
19,21747085,21747085
19,22251994,22251994
19,22337508,22337508
19,22353332,22353332
19,22414664,22414664
19,23112293,23112293
19,23118098,23118098
19,23412087,23412087
19,23443366,23443366
19,23551121,23551121
19,23755499,23755499
19,24154816,24154816
19,24323923,24323923
19,28265314,28265314
19,28869451,28869451
19,28926845,28926845
19,29113597,29113597
19,29205406,29205406
19,29610734,29610734
19,30056513,30056513
19,30507215,30507215
19,30930493,30930493
19,31062594,31062594
19,31658792,31658792
19,31799417,31799417
19,32084484,32084484
19,32279080,32279080
19,32561550,32561550
19,32649926,32649926
19,33262584,33262584
19,33775928,33775928
19,33825288,33825288
19,34251833,34251833
19,34448565,34448565
19,34543887,34543887
19,34549671,34549671
19,34869801,34869801
19,35155086,35155086
19,35407024,35407024
19,35462933,35462933
19,36029252,36029252
19,36502842,36502842
19,36639119,36639119
19,37199608,37199608
19,37344791,37344791
19,37663008,37663008
19,37668790,37668790
19,37947192,37947192
19,38566922,38566922
19,39601278,39601278
19,40214092,40214092
19,40452272,40452272
19,40699693,40699693
19,41596661,41596661
19,41743542,41743542
19,41764760,41764760
19,42056471,42056471
19,42550199,42550199
19,42682295,42682295
19,42690165,42690165
19,42849109,42849109
19,43814113,43814113
19,44275569,44275569
19,44513175,44513175
19,44731536,44731536
19,44948216,44948216
19,45016237,45016237
19,45103030,45103030
19,45155278,45155278
19,45259553,45259553
19,45961351,45961351
19,46218120,46218120
19,46445837,46445837
19,46559401,46559401
19,46763891,46763891
19,47113744,47113744
19,47154214,47154214
19,47422375,47422375
19,47805090,47805090
19,48194658,48194658
19,48975122,48975122
19,49352374,49352374
19,49717234,49717234
19,49753888,49753888
19,50088283,50088283
19,50424533,50424533
19,50905772,50905772
19,50914360,50914360
19,51183316,51183316
19,51206053,51206053
19,51379762,51379762
19,51941358,51941358
19,52135239,52135239
19,52491599,52491599
19,52806156,52806156
19,53446314,53446314
19,53566262,53566262
19,53825914,53825914
19,54143952,54143952
19,54618788,54618788
19,54647831,54647831
19,54855722,54855722
19,55093926,55093926
19,55192445,55192445
19,55833904,55833904
19,56199825,56199825
19,57099336,57099336
19,57622576,57622576
19,58533479,58533479
19,58760072,58760072
2,1237468,1237468
2,2070092,2070092
2,3066298,3066298
2,3346409,3346409
2,3770734,3770734
2,4164366,4164366
2,4667310,4667310
2,5643634,5643634
2,5697322,5697322
2,5857680,5857680
2,6264380,6264380
2,6518488,6518488
2,6763654,6763654
2,7087233,7087233
2,7498519,7498519
2,7516659,7516659
2,7570252,7570252
2,7967079,7967079
2,8508257,8508257
2,8777295,8777295
2,8936828,8936828
2,9209881,9209881
2,9359060,9359060
2,9443123,9443123
2,9895898,9895898
2,10563063,10563063
2,11624992,11624992
2,11661665,11661665
2,12659105,12659105
2,13129087,13129087
2,13333051,13333051
2,13606337,13606337
2,14094637,14094637
2,14549371,14549371
2,14801688,14801688
2,15401253,15401253
2,15421417,15421417
2,15703235,15703235
2,16473333,16473333
2,16563734,16563734
2,16723122,16723122
2,16737078,16737078
2,16758382,16758382
2,16835711,16835711
2,17184107,17184107
2,17194561,17194561
2,17245611,17245611
2,17298990,17298990
2,17847889,17847889
2,17908420,17908420
2,18488266,18488266
2,18590765,18590765
2,18605887,18605887
2,18950782,18950782
2,19141385,19141385
2,19149918,19149918
2,19311585,19311585
2,19373705,19373705
2,20457900,20457900
2,20471570,20471570
2,20583072,20583072
2,21334148,21334148
2,21405748,21405748
2,21478263,21478263
2,21645149,21645149
2,21856025,21856025
2,21878702,21878702
2,21929188,21929188
2,21990305,21990305
2,22218226,22218226
2,22375284,22375284
2,22388941,22388941
2,22397732,22397732
2,22702804,22702804
2,22809718,22809718
2,22885226,22885226
2,22916849,22916849
2,22945964,22945964
2,23280296,23280296
2,23319473,23319473
2,23811566,23811566
2,24209228,24209228
2,24252304,24252304
2,24324543,24324543
2,24509902,24509902
2,24787251,24787251
2,25396040,25396040
2,25462028,25462028
2,25592511,25592511
2,25631611,25631611
2,25943771,25943771
2,27131270,27131270
2,27144056,27144056
2,27197098,27197098
2,27701813,27701813
2,28089461,28089461
2,28359222,28359222
2,28471594,28471594
2,28576608,28576608
2,28875293,28875293
2,29416008,29416008
2,29445268,29445268
2,29541258,29541258
2,29877161,29877161
2,29903954,29903954
2,29919715,29919715
2,29943587,29943587
2,30140011,30140011
2,30500219,30500219
2,31472219,31472219
2,31765222,31765222
2,31838877,31838877
2,31917161,31917161
2,32217954,32217954
2,32231389,32231389
2,32322834,32322834
2,32604133,32604133
2,33393778,33393778
2,33760147,33760147
2,33820813,33820813
2,34125208,34125208
2,34277039,34277039
2,34536389,34536389
2,34997120,34997120
2,35087063,35087063
2,35364091,35364091
2,35936950,35936950
2,36173048,36173048
2,36779728,36779728
2,36889437,36889437
2,37057515,37057515
2,37233386,37233386
2,37451786,37451786
2,37901874,37901874
2,38212233,38212233
2,38410919,38410919
2,39065012,39065012
2,39527911,39527911
2,39724618,39724618
2,39782164,39782164
2,40362675,40362675
2,40562119,40562119
2,40662561,40662561
2,41069615,41069615
2,41422313,41422313
2,41479220,41479220
2,41491057,41491057
2,41875681,41875681
2,42483769,42483769
2,42515860,42515860
2,42639373,42639373
2,42696990,42696990
2,42789701,42789701
2,42913002,42913002
2,43135279,43135279
2,43197546,43197546
2,43624825,43624825
2,44483341,44483341
2,44543974,44543974
2,44574724,44574724
2,45369387,45369387
2,45659907,45659907
2,46130449,46130449
2,46136468,46136468
2,46184690,46184690
2,46269750,46269750
2,46413401,46413401
2,46441303,46441303
2,47068101,47068101
2,47310275,47310275
2,47349325,47349325
2,47635659,47635659
2,47698131,47698131
2,48026675,48026675
2,48032065,48032065
2,48113060,48113060
2,48501619,48501619
2,48977946,48977946
2,49744754,49744754
2,49948080,49948080
2,50008503,50008503
2,50161187,50161187
2,50445731,50445731
2,50591498,50591498
2,50804732,50804732
2,50924176,50924176
2,51074648,51074648
2,51531414,51531414
2,52191785,52191785
2,52376659,52376659
2,53025188,53025188
2,53567453,53567453
2,53780737,53780737
2,53920914,53920914
2,54082583,54082583
2,54191345,54191345
2,54404621,54404621
2,54671859,54671859
2,54706776,54706776
2,54942256,54942256
2,55122801,55122801
2,55400216,55400216
2,55740927,55740927
2,55818091,55818091
2,56277270,56277270
2,56895409,56895409
2,57563930,57563930
2,57868721,57868721
2,58184135,58184135
2,58271151,58271151
2,58740622,58740622
2,58758584,58758584
2,58805528,58805528
2,59029987,59029987
2,59868573,59868573
2,60114910,60114910
2,60323228,60323228
2,60503479,60503479
2,60769031,60769031
2,61118874,61118874
2,61411225,61411225
2,61612513,61612513
2,61729435,61729435
2,62090370,62090370
2,62386524,62386524
2,62598357,62598357
2,62748739,62748739
2,62803607,62803607
2,63610493,63610493
2,63634483,63634483
2,63650798,63650798
2,63897474,63897474
2,64052260,64052260
2,64385852,64385852
2,64583771,64583771
2,64756090,64756090
2,64955204,64955204
2,65095875,65095875
2,65145564,65145564
2,66022104,66022104
2,66443803,66443803
2,66958286,66958286
2,67257576,67257576
2,67618073,67618073
2,67836884,67836884
2,67910183,67910183
2,68667106,68667106
2,69191882,69191882
2,69308714,69308714
2,69798716,69798716
2,70326583,70326583
2,70439125,70439125
2,70789641,70789641
2,70863644,70863644
2,70921061,70921061
2,71212432,71212432
2,72176746,72176746
2,72768536,72768536
2,72807836,72807836
2,72827739,72827739
2,73170603,73170603
2,73202923,73202923
2,73423515,73423515
2,73462810,73462810
2,73579006,73579006
2,73677831,73677831
2,74172142,74172142
2,74548760,74548760
2,74679624,74679624
2,74799924,74799924
2,75119653,75119653
2,75316673,75316673
2,75634555,75634555
2,75751683,75751683
2,75823900,75823900
2,76466173,76466173
2,76862230,76862230
2,76935742,76935742
2,77321314,77321314
2,77457251,77457251
2,77531606,77531606
2,77807542,77807542
2,78091779,78091779
2,78315675,78315675
2,78343320,78343320
2,78443447,78443447
2,78696534,78696534
2,78905307,78905307
2,79059359,79059359
2,79858919,79858919
2,80201736,80201736
2,80241916,80241916
2,80713490,80713490
2,81121816,81121816
2,81447420,81447420
2,81661974,81661974
2,82026910,82026910
2,82606767,82606767
2,82653958,82653958
2,82926667,82926667
2,82984208,82984208
2,83234353,83234353
2,83450920,83450920
2,83794048,83794048
2,84021665,84021665
2,84047771,84047771
2,84496864,84496864
2,84682287,84682287
2,84698913,84698913
2,84752232,84752232
2,84826622,84826622
2,84987391,84987391
2,85438365,85438365
2,85962638,85962638
2,86297723,86297723
2,86355038,86355038
2,86542471,86542471
2,86606965,86606965
2,88432500,88432500
2,88848861,88848861
2,89034789,89034789
2,89111171,89111171
2,95632794,95632794
2,95765798,95765798
2,96070018,96070018
2,96560385,96560385
2,97223172,97223172
2,97596567,97596567
2,97661810,97661810
2,98654304,98654304
2,98729071,98729071
2,98797926,98797926
2,98996972,98996972
2,99053865,99053865
2,99340710,99340710
2,99921585,99921585
2,100422870,100422870
2,100484836,100484836
2,100580253,100580253
2,100820798,100820798
2,101106777,101106777
2,101121337,101121337
2,101153391,101153391
2,101394670,101394670
2,101802988,101802988
2,102218466,102218466
2,102654646,102654646
2,102775658,102775658
2,102827602,102827602
2,103293636,103293636
2,103651783,103651783
2,104223566,104223566
2,104264387,104264387
2,104795387,104795387
2,104909517,104909517
2,105416996,105416996
2,105454418,105454418
2,105481097,105481097
2,105642613,105642613
2,106072056,106072056
2,106336478,106336478
2,106723882,106723882
2,107279331,107279331
2,108023634,108023634
2,108226863,108226863
2,108291621,108291621
2,108361358,108361358
2,108900206,108900206
2,109225193,109225193
2,109630448,109630448
2,109809077,109809077
2,110328642,110328642
2,110428519,110428519
2,111549575,111549575
2,111650268,111650268
2,111895575,111895575
2,112977257,112977257
2,113245676,113245676
2,113260698,113260698
2,113289161,113289161
2,113404671,113404671
2,115069883,115069883
2,115170684,115170684
2,115325447,115325447
2,115553689,115553689
2,115823458,115823458
2,116460978,116460978
2,116608671,116608671
2,116959383,116959383
2,117054981,117054981
2,117410415,117410415
2,117829067,117829067
2,117950990,117950990
2,118290104,118290104
2,118450231,118450231
2,118465710,118465710
2,119048283,119048283
2,119085870,119085870
2,119149387,119149387
2,119212399,119212399
2,119681072,119681072
2,120208642,120208642
2,120571254,120571254
2,120580300,120580300
2,120765361,120765361
2,121306114,121306114
2,121422274,121422274
2,121836510,121836510
2,121913948,121913948
2,122132925,122132925
2,122132934,122132934
2,122330343,122330343
2,122652857,122652857
2,122946457,122946457
2,123188216,123188216
2,123249725,123249725
2,123267235,123267235
2,123346356,123346356
2,123429727,123429727
2,123810606,123810606
2,123948083,123948083
2,124378254,124378254
2,124456771,124456771
2,124498298,124498298
2,125108821,125108821
2,125468984,125468984
2,125527876,125527876
2,125557089,125557089
2,126043174,126043174
2,126068033,126068033
2,126086562,126086562
2,127367834,127367834
2,127410437,127410437
2,127519989,127519989
2,128036896,128036896
2,128046310,128046310
2,128257871,128257871
2,128280299,128280299
2,129028749,129028749
2,129062642,129062642
2,129188160,129188160
2,130655902,130655902
2,130667913,130667913
2,131123593,131123593
2,131152456,131152456
2,133202899,133202899
2,133711947,133711947
2,133801380,133801380
2,133903073,133903073
2,134167549,134167549
2,134700517,134700517
2,134733948,134733948
2,134833308,134833308
2,134883317,134883317
2,134931210,134931210
2,134994825,134994825
2,135063625,135063625
2,135593187,135593187
2,135766465,135766465
2,135940864,135940864
2,135961012,135961012
2,136917289,136917289
2,136981420,136981420
2,137067251,137067251
2,137124112,137124112
2,137228871,137228871
2,137236071,137236071
2,137351667,137351667
2,137768662,137768662
2,138062554,138062554
2,138097677,138097677
2,138131828,138131828
2,138195123,138195123
2,138850945,138850945
2,139752722,139752722
2,140692197,140692197
2,140839100,140839100
2,140937150,140937150
2,141680097,141680097
2,142038204,142038204
2,142089600,142089600
2,142264475,142264475
2,142647038,142647038
2,142664180,142664180
2,143507032,143507032
2,144837508,144837508
2,144966717,144966717
2,145216889,145216889
2,145386764,145386764
2,145567242,145567242
2,145581036,145581036
2,145810928,145810928
2,145831432,145831432
2,146345306,146345306
2,146410821,146410821
2,146470408,146470408
2,146974705,146974705
2,147448123,147448123
2,147455565,147455565
2,147801537,147801537
2,147842392,147842392
2,147899791,147899791
2,148012678,148012678
2,148027988,148027988
2,148185887,148185887
2,148334027,148334027
2,148425958,148425958
2,148923680,148923680
2,149017114,149017114
2,149207397,149207397
2,149223261,149223261
2,149306090,149306090
2,149441343,149441343
2,149451838,149451838
2,149575007,149575007
2,149805105,149805105
2,150158077,150158077
2,150290300,150290300
2,150821838,150821838
2,150863795,150863795
2,150875774,150875774
2,151157906,151157906
2,151285052,151285052
2,151933651,151933651
2,152075833,152075833
2,152095137,152095137
2,152246818,152246818
2,152297560,152297560
2,152659917,152659917
2,153039663,153039663
2,153211713,153211713
2,153368867,153368867
2,153567146,153567146
2,153751991,153751991
2,153762669,153762669
2,153838306,153838306
2,153838550,153838550
2,153888387,153888387
2,154062714,154062714
2,154392785,154392785
2,154451609,154451609
2,154499066,154499066
2,154719164,154719164
2,154738640,154738640
2,154909762,154909762
2,155297059,155297059
2,155352411,155352411
2,155565992,155565992
2,155627284,155627284
2,155689516,155689516
2,156170239,156170239
2,156184100,156184100
2,156236641,156236641
2,156329827,156329827
2,156928928,156928928
2,157029980,157029980
2,157181374,157181374
2,157187303,157187303
2,157421514,157421514
2,157462550,157462550
2,157664648,157664648
2,157707528,157707528
2,158065455,158065455
2,158172255,158172255
2,158534542,158534542
2,158943011,158943011
2,159532538,159532538
2,159607241,159607241
2,159919978,159919978
2,160039169,160039169
2,160433773,160433773
2,160592473,160592473
2,160607568,160607568
2,161125760,161125760
2,161227473,161227473
2,161367255,161367255
2,161693567,161693567
2,161805253,161805253
2,161830822,161830822
2,162416284,162416284
2,162642918,162642918
2,162665243,162665243
2,162991087,162991087
2,163239024,163239024
2,163304876,163304876
2,163762446,163762446
2,164086652,164086652
2,164694843,164694843
2,165175077,165175077
2,165412174,165412174
2,165678091,165678091
2,165965855,165965855
2,165992918,165992918
2,167017109,167017109
2,167023642,167023642
2,167229469,167229469
2,167246353,167246353
2,167341322,167341322
2,167381589,167381589
2,167675762,167675762
2,168358691,168358691
2,168909996,168909996
2,170016216,170016216
2,170087063,170087063
2,170408605,170408605
2,170569312,170569312
2,170803401,170803401
2,171473416,171473416
2,171606655,171606655
2,171720834,171720834
2,172003371,172003371
2,172273481,172273481
2,172330246,172330246
2,172428043,172428043
2,173043908,173043908
2,173306753,173306753
2,173503282,173503282
2,173597813,173597813
2,173641690,173641690
2,173653238,173653238
2,174096854,174096854
2,174122823,174122823
2,174423039,174423039
2,174499622,174499622
2,174898435,174898435
2,175381649,175381649
2,175743411,175743411
2,176145999,176145999
2,176788507,176788507
2,176913309,176913309
2,177009693,177009693
2,177600724,177600724
2,177649937,177649937
2,177847827,177847827
2,178095110,178095110
2,178126521,178126521
2,178378309,178378309
2,178725520,178725520
2,178796830,178796830
2,178994947,178994947
2,179020105,179020105
2,179108896,179108896
2,179307016,179307016
2,179323378,179323378
2,179841655,179841655
2,180102918,180102918
2,180535451,180535451
2,181303818,181303818
2,181476465,181476465
2,181537655,181537655
2,181577325,181577325
2,182141174,182141174
2,182207077,182207077
2,182758021,182758021
2,183073778,183073778
2,183282483,183282483
2,183460572,183460572
2,183641093,183641093
2,183648710,183648710
2,183871599,183871599
2,184180850,184180850
2,184765006,184765006
2,185217100,185217100
2,185341816,185341816
2,185582437,185582437
2,185733576,185733576
2,185790958,185790958
2,185824655,185824655
2,186076106,186076106
2,186414810,186414810
2,186723448,186723448
2,186865910,186865910
2,187534884,187534884
2,187663062,187663062
2,187909287,187909287
2,188168400,188168400
2,188395138,188395138
2,189326839,189326839
2,189675637,189675637
2,189858183,189858183
2,189977641,189977641
2,190027520,190027520
2,190109748,190109748
2,190218897,190218897
2,190642639,190642639
2,190650152,190650152
2,190668075,190668075
2,190682787,190682787
2,190719730,190719730
2,190728948,190728948
2,191070692,191070692
2,191197366,191197366
2,191402118,191402118
2,192255560,192255560
2,192285303,192285303
2,192397901,192397901
2,192553782,192553782
2,193378532,193378532
2,193470477,193470477
2,193784878,193784878
2,193828149,193828149
2,193968375,193968375
2,194119881,194119881
2,194335034,194335034
2,194917770,194917770
2,195189442,195189442
2,195275257,195275257
2,196195604,196195604
2,196394747,196394747
2,197049769,197049769
2,197088607,197088607
2,197320828,197320828
2,197433753,197433753
2,197549926,197549926
2,197743662,197743662
2,197858861,197858861
2,198007151,198007151
2,198079284,198079284
2,198257794,198257794
2,198264985,198264985
2,198283556,198283556
2,198416757,198416757
2,198426620,198426620
2,198512611,198512611
2,198683334,198683334
2,199355934,199355934
2,199438600,199438600
2,199475351,199475351
2,199494265,199494265
2,199581476,199581476
2,200683886,200683886
2,201071102,201071102
2,201104195,201104195
2,201337936,201337936
2,201379355,201379355
2,201413219,201413219
2,201584650,201584650
2,201816436,201816436
2,201908658,201908658
2,202510998,202510998
2,202532051,202532051
2,202711994,202711994
2,202905640,202905640
2,202905647,202905647
2,203009550,203009550
2,203030836,203030836
2,203628580,203628580
2,203766319,203766319
2,204047628,204047628
2,204076091,204076091
2,205847739,205847739
2,205922563,205922563
2,206193148,206193148
2,206443874,206443874
2,206834141,206834141
2,207198970,207198970
2,207408749,207408749
2,207566082,207566082
2,207728829,207728829
2,207956811,207956811
2,207984973,207984973
2,208389680,208389680
2,208441366,208441366
2,209106933,209106933
2,209248956,209248956
2,209849144,209849144
2,210105669,210105669
2,210376454,210376454
2,210706370,210706370
2,210716625,210716625
2,210763236,210763236
2,211119153,211119153
2,211637485,211637485
2,212061033,212061033
2,212156457,212156457
2,212392288,212392288
2,212499843,212499843
2,212782878,212782878
2,212845482,212845482
2,213322216,213322216
2,213588082,213588082
2,213647227,213647227
2,214052013,214052013
2,214247221,214247221
2,214354397,214354397
2,214869972,214869972
2,215110624,215110624
2,215162120,215162120
2,215527992,215527992
2,215547048,215547048
2,215695445,215695445
2,215816266,215816266
2,215872250,215872250
2,216055615,216055615
2,216199676,216199676
2,216211511,216211511
2,216242691,216242691
2,216526504,216526504
2,216717553,216717553
2,216753303,216753303
2,216827489,216827489
2,217331390,217331390
2,217600214,217600214
2,217807041,217807041
2,217844943,217844943
2,217921548,217921548
2,218013370,218013370
2,218225235,218225235
2,218463131,218463131
2,218923222,218923222
2,219566351,219566351
2,219775794,219775794
2,219807412,219807412
2,220164211,220164211
2,220265418,220265418
2,220533842,220533842
2,220762491,220762491
2,221097272,221097272
2,221605642,221605642
2,221696977,221696977
2,221709699,221709699
2,221827201,221827201
2,221878980,221878980
2,221967177,221967177
2,222363153,222363153
2,222390787,222390787
2,222555115,222555115
2,222820635,222820635
2,223308988,223308988
2,223791838,223791838
2,224263612,224263612
2,224286501,224286501
2,224303610,224303610
2,224543301,224543301
2,225141486,225141486
2,225776151,225776151
2,225947570,225947570
2,226121885,226121885
2,226234278,226234278
2,226278821,226278821
2,226341357,226341357
2,226548368,226548368
2,226581997,226581997
2,226617209,226617209
2,226709110,226709110
2,226794463,226794463
2,226826924,226826924
2,226899397,226899397
2,227075400,227075400
2,227225229,227225229
2,227606068,227606068
2,227716387,227716387
2,228240694,228240694
2,228772981,228772981
2,229202709,229202709
2,229650042,229650042
2,229826139,229826139
2,230118331,230118331
2,230710066,230710066
2,231181309,231181309
2,231727518,231727518
2,231947918,231947918
2,232056707,232056707
2,232191998,232191998
2,233247550,233247550
2,233844351,233844351
2,234661318,234661318
2,234852796,234852796
2,235201504,235201504
2,235418361,235418361
2,235773356,235773356
2,236048619,236048619
2,236384188,236384188
2,236415491,236415491
2,236431619,236431619
2,237028916,237028916
2,237353635,237353635
2,237650381,237650381
2,238183087,238183087
2,238350460,238350460
2,238616306,238616306
2,238819519,238819519
2,239623686,239623686
2,240324004,240324004
2,241042179,241042179
2,242072891,242072891
2,242293918,242293918
2,242334888,242334888
2,242557648,242557648
20,449502,449502
20,670974,670974
20,784541,784541
20,1248005,1248005
20,1344480,1344480
20,1401389,1401389
20,1921186,1921186
20,2146230,2146230
20,2522395,2522395
20,3071349,3071349
20,3768229,3768229
20,4311027,4311027
20,4671624,4671624
20,4922636,4922636
20,4930727,4930727
20,5748433,5748433
20,6357177,6357177
20,6417867,6417867
20,6527964,6527964
20,6646576,6646576
20,6704590,6704590
20,6846222,6846222
20,7400589,7400589
20,7781393,7781393
20,7894264,7894264
20,8789403,8789403
20,8943976,8943976
20,8984916,8984916
20,9115067,9115067
20,9258510,9258510
20,10453627,10453627
20,10476820,10476820
20,10773346,10773346
20,10998165,10998165
20,11091952,11091952
20,11972645,11972645
20,12058322,12058322
20,12071368,12071368
20,13013457,13013457
20,13273263,13273263
20,14539225,14539225
20,14676913,14676913
20,14864143,14864143
20,15280580,15280580
20,15956551,15956551
20,16432937,16432937
20,17198346,17198346
20,18245963,18245963
20,19082410,19082410
20,19092651,19092651
20,19203461,19203461
20,19852640,19852640
20,20031366,20031366
20,20228737,20228737
20,22008000,22008000
20,22121436,22121436
20,22266534,22266534
20,22350511,22350511
20,22887421,22887421
20,23441841,23441841
20,23540404,23540404
20,24457635,24457635
20,24826184,24826184
20,25539317,25539317
20,25636362,25636362
20,26183051,26183051
20,30600652,30600652
20,30637365,30637365
20,31091343,31091343
20,31160050,31160050
20,32168342,32168342
20,32387550,32387550
20,32487436,32487436
20,32747078,32747078
20,32826748,32826748
20,32895552,32895552
20,32939752,32939752
20,33082277,33082277
20,33313162,33313162
20,33359891,33359891
20,33423016,33423016
20,34041295,34041295
20,34139577,34139577
20,35150696,35150696
20,35336616,35336616
20,35554850,35554850
20,36159874,36159874
20,36552439,36552439
20,36620464,36620464
20,36818567,36818567
20,36902388,36902388
20,37254805,37254805
20,37299908,37299908
20,37333944,37333944
20,37459724,37459724
20,37575350,37575350
20,37795515,37795515
20,38050959,38050959
20,38341845,38341845
20,38435798,38435798
20,38493148,38493148
20,38667944,38667944
20,39024773,39024773
20,39413331,39413331
20,39741495,39741495
20,39847916,39847916
20,40674157,40674157
20,41251587,41251587
20,41574586,41574586
20,41689287,41689287
20,41724054,41724054
20,42482412,42482412
20,43170955,43170955
20,43453038,43453038
20,43477833,43477833
20,43694312,43694312
20,44674834,44674834
20,45275281,45275281
20,45661476,45661476
20,46167099,46167099
20,46212361,46212361
20,46573953,46573953
20,46683863,46683863
20,46738364,46738364
20,46738378,46738378
20,46738389,46738389
20,47020978,47020978
20,47032783,47032783
20,47856516,47856516
20,48021401,48021401
20,48675957,48675957
20,48991245,48991245
20,49745949,49745949
20,50064637,50064637
20,50937609,50937609
20,51291245,51291245
20,51592785,51592785
20,51746595,51746595
20,51830491,51830491
20,52047883,52047883
20,52665586,52665586
20,52909197,52909197
20,53056009,53056009
20,53534655,53534655
20,53581863,53581863
20,54235416,54235416
20,54589764,54589764
20,54708647,54708647
20,54838865,54838865
20,55521046,55521046
20,55556619,55556619
20,55866176,55866176
20,55900642,55900642
20,56096483,56096483
20,56208074,56208074
20,56935991,56935991
20,56985034,56985034
20,57032319,57032319
20,57055577,57055577
20,57470694,57470694
20,57484606,57484606
20,57716455,57716455
20,57793290,57793290
20,58476213,58476213
20,59027927,59027927
20,59218714,59218714
20,59341744,59341744
20,59352882,59352882
20,60015099,60015099
20,60259898,60259898
20,60736512,60736512
20,61722781,61722781
20,62665176,62665176
21,15483103,15483103
21,15590435,15590435
21,15700559,15700559
21,15721887,15721887
21,15831807,15831807
21,16290590,16290590
21,16408162,16408162
21,16725116,16725116
21,16757254,16757254
21,17202765,17202765
21,17269872,17269872
21,17469834,17469834
21,17860153,17860153
21,18443493,18443493
21,19361740,19361740
21,19432440,19432440
21,19525433,19525433
21,19793986,19793986
21,19928563,19928563
21,19945919,19945919
21,20413832,20413832
21,20534995,20534995
21,20950533,20950533
21,21616293,21616293
21,21984628,21984628
21,22799524,22799524
21,22995354,22995354
21,23378044,23378044
21,23919689,23919689
21,24192325,24192325
21,24432260,24432260
21,24445863,24445863
21,24520763,24520763
21,24675951,24675951
21,24760832,24760832
21,24790116,24790116
21,24960932,24960932
21,25435419,25435419
21,25539222,25539222
21,25902122,25902122
21,26091294,26091294
21,26161415,26161415
21,26707260,26707260
21,26744776,26744776
21,26779233,26779233
21,27277555,27277555
21,27390701,27390701
21,27516294,27516294
21,28149944,28149944
21,28651495,28651495
21,28676048,28676048
21,28865125,28865125
21,29051197,29051197
21,29459280,29459280
21,30047594,30047594
21,30173160,30173160
21,31279124,31279124
21,31658021,31658021
21,31779752,31779752
21,31844113,31844113
21,32138976,32138976
21,32398532,32398532
21,32621270,32621270
21,32749889,32749889
21,32868838,32868838
21,33357734,33357734
21,33379321,33379321
21,34382094,34382094
21,34999224,34999224
21,35095134,35095134
21,35401604,35401604
21,35693742,35693742
21,35936797,35936797
21,36629802,36629802
21,37065838,37065838
21,37356913,37356913
21,37596309,37596309
21,37940009,37940009
21,38037000,38037000
21,38440066,38440066
21,38578846,38578846
21,38609489,38609489
21,38928493,38928493
21,38994648,38994648
21,39056880,39056880
21,39443419,39443419
21,39589705,39589705
21,39675020,39675020
21,39754377,39754377
21,39764109,39764109
21,40549411,40549411
21,40894608,40894608
21,41111858,41111858
21,41302959,41302959
21,41601714,41601714
21,41607379,41607379
21,41624211,41624211
21,41716149,41716149
21,41926746,41926746
21,41970674,41970674
21,42240148,42240148
21,42501159,42501159
21,42837282,42837282
21,43059937,43059937
21,43218794,43218794
21,43303710,43303710
21,43379327,43379327
21,44025201,44025201
21,44442312,44442312
21,44484585,44484585
21,44515611,44515611
21,44524478,44524478
21,44618991,44618991
21,45475862,45475862
21,45772694,45772694
21,45896588,45896588
21,46000679,46000679
21,46769788,46769788
21,47136929,47136929
21,47175274,47175274
21,47302004,47302004
21,47861239,47861239
22,17143676,17143676
22,17421962,17421962
22,18176843,18176843
22,18202746,18202746
22,18233102,18233102
22,18240574,18240574
22,18372295,18372295
22,19203695,19203695
22,19251602,19251602
22,19458840,19458840
22,19985581,19985581
22,20189170,20189170
22,20189175,20189175
22,20189180,20189180
22,20853223,20853223
22,22387840,22387840
22,22767146,22767146
22,22935355,22935355
22,23144426,23144426
22,23559029,23559029
22,24096887,24096887
22,24764785,24764785
22,25353871,25353871
22,25605707,25605707
22,25870738,25870738
22,25986292,25986292
22,26290224,26290224
22,27248629,27248629
22,27284306,27284306
22,27310565,27310565
22,27556165,27556165
22,27583161,27583161
22,27912390,27912390
22,28032403,28032403
22,28092395,28092395
22,28145245,28145245
22,28502880,28502880
22,28575812,28575812
22,29099486,29099486
22,29107934,29107934
22,29126414,29126414
22,29133922,29133922
22,29206351,29206351
22,29392777,29392777
22,29561522,29561522
22,29874302,29874302
22,29999984,29999984
22,30038265,30038265
22,30222000,30222000
22,30307762,30307762
22,30768928,30768928
22,31132345,31132345
22,31211585,31211585
22,31249459,31249459
22,31397386,31397386
22,31837038,31837038
22,31995104,31995104
22,32448855,32448855
22,32457855,32457855
22,32655091,32655091
22,32784528,32784528
22,33005912,33005912
22,33107924,33107924
22,33242055,33242055
22,33392516,33392516
22,33442698,33442698
22,33574812,33574812
22,33715333,33715333
22,33744496,33744496
22,33979071,33979071
22,34527643,34527643
22,34702373,34702373
22,34975310,34975310
22,35546289,35546289
22,35554902,35554902
22,35721986,35721986
22,36215188,36215188
22,36252703,36252703
22,36317008,36317008
22,36680254,36680254
22,37664962,37664962
22,37959971,37959971
22,38061916,38061916
22,38169487,38169487
22,38676153,38676153
22,39156005,39156005
22,39621089,39621089
22,39980696,39980696
22,40787080,40787080
22,40974017,40974017
22,41527462,41527462
22,41560112,41560112
22,41679604,41679604
22,41802924,41802924
22,41890102,41890102
22,42218560,42218560
22,42680326,42680326
22,42872815,42872815
22,43168057,43168057
22,43433537,43433537
22,43652441,43652441
22,43686154,43686154
22,43843238,43843238
22,43941197,43941197
22,44194993,44194993
22,44537146,44537146
22,44776525,44776525
22,44900413,44900413
22,45495088,45495088
22,45545490,45545490
22,46676747,46676747
22,46746659,46746659
22,46778630,46778630
22,47506399,47506399
22,47714316,47714316
22,47797802,47797802
22,48603702,48603702
22,48620245,48620245
22,48629556,48629556
22,48772174,48772174
22,48811667,48811667
22,49041893,49041893
22,49757453,49757453
22,50855279,50855279
3,164715,164715
3,355373,355373
3,415415,415415
3,483438,483438
3,553308,553308
3,955814,955814
3,1705687,1705687
3,1919185,1919185
3,1977503,1977503
3,2169688,2169688
3,2290049,2290049
3,2554033,2554033
3,2591154,2591154
3,3072084,3072084
3,3233675,3233675
3,3630378,3630378
3,3668436,3668436
3,3710265,3710265
3,4017561,4017561
3,4079607,4079607
3,4126479,4126479
3,4248921,4248921
3,4333767,4333767
3,5077782,5077782
3,5547137,5547137
3,5891782,5891782
3,6164839,6164839
3,6191558,6191558
3,6280670,6280670
3,6373854,6373854
3,6960534,6960534
3,7065361,7065361
3,7114282,7114282
3,7213517,7213517
3,7313615,7313615
3,7787277,7787277
3,8110416,8110416
3,8199571,8199571
3,8226367,8226367
3,8516452,8516452
3,8695427,8695427
3,9079749,9079749
3,9089158,9089158
3,9101444,9101444
3,9121734,9121734
3,9337566,9337566
3,9550896,9550896
3,9652334,9652334
3,10116278,10116278
3,10794348,10794348
3,10962939,10962939
3,11324406,11324406
3,11611771,11611771
3,11958515,11958515
3,12022606,12022606
3,12159793,12159793
3,12196016,12196016
3,12206905,12206905
3,12571775,12571775
3,12622451,12622451
3,12641910,12641910
3,12732250,12732250
3,13093768,13093768
3,13735975,13735975
3,13834229,13834229
3,14050738,14050738
3,14083115,14083115
3,15703346,15703346
3,15770708,15770708
3,16229165,16229165
3,16235241,16235241
3,16580655,16580655
3,17053250,17053250
3,18236818,18236818
3,18494544,18494544
3,18752260,18752260
3,18778300,18778300
3,19466721,19466721
3,19663150,19663150
3,19831393,19831393
3,19886763,19886763
3,20664868,20664868
3,21329543,21329543
3,21748783,21748783
3,22563813,22563813
3,22682151,22682151
3,22744295,22744295
3,23332695,23332695
3,23489389,23489389
3,23574576,23574576
3,24244391,24244391
3,24284462,24284462
3,24585266,24585266
3,25074157,25074157
3,25130627,25130627
3,25316090,25316090
3,26031598,26031598
3,26039202,26039202
3,26167862,26167862
3,26876978,26876978
3,27166064,27166064
3,27599958,27599958
3,27680319,27680319
3,27806554,27806554
3,28237616,28237616
3,28395436,28395436
3,28579867,28579867
3,28675052,28675052
3,29774381,29774381
3,30060464,30060464
3,30393950,30393950
3,30479938,30479938
3,30783551,30783551
3,30989948,30989948
3,30997949,30997949
3,31279666,31279666
3,31493992,31493992
3,32413386,32413386
3,33192264,33192264
3,33343032,33343032
3,33368127,33368127
3,33383405,33383405
3,33826523,33826523
3,34951708,34951708
3,35036406,35036406
3,35228830,35228830
3,35830675,35830675
3,36251829,36251829
3,36527456,36527456
3,36563758,36563758
3,36781716,36781716
3,37042533,37042533
3,37053329,37053329
3,37061871,37061871
3,37483138,37483138
3,37633378,37633378
3,37842351,37842351
3,39551646,39551646
3,40483656,40483656
3,41265514,41265514
3,41274441,41274441
3,41279543,41279543
3,41344912,41344912
3,41694456,41694456
3,42041222,42041222
3,42408427,42408427
3,42447608,42447608
3,42721655,42721655
3,42999442,42999442
3,43117961,43117961
3,43125219,43125219
3,43138374,43138374
3,43248581,43248581
3,43710562,43710562
3,43885188,43885188
3,44371202,44371202
3,44411472,44411472
3,44466500,44466500
3,44729294,44729294
3,44816704,44816704
3,44872577,44872577
3,44879530,44879530
3,45436128,45436128
3,45501981,45501981
3,45660128,45660128
3,45709625,45709625
3,45943584,45943584
3,46064064,46064064
3,46262872,46262872
3,47108588,47108588
3,47125256,47125256
3,47162051,47162051
3,47270751,47270751
3,47395537,47395537
3,47676285,47676285
3,47710452,47710452
3,48379469,48379469
3,49069094,49069094
3,50848943,50848943
3,51120643,51120643
3,51295889,51295889
3,51773227,51773227
3,51933775,51933775
3,52224651,52224651
3,52592409,52592409
3,52643579,52643579
3,52658933,52658933
3,52677299,52677299
3,52885947,52885947
3,53008549,53008549
3,53025175,53025175
3,53344006,53344006
3,53978759,53978759
3,54225875,54225875
3,54612430,54612430
3,54707667,54707667
3,55535014,55535014
3,55760497,55760497
3,56702217,56702217
3,56845270,56845270
3,57352308,57352308
3,57538906,57538906
3,57624973,57624973
3,58092315,58092315
3,58321474,58321474
3,58632052,58632052
3,58686752,58686752
3,58822718,58822718
3,58991381,58991381
3,59026164,59026164
3,59116755,59116755
3,59735098,59735098
3,59779692,59779692
3,60401802,60401802
3,60688345,60688345
3,60800505,60800505
3,60807668,60807668
3,60942330,60942330
3,60982592,60982592
3,61307511,61307511
3,61372031,61372031
3,61790120,61790120
3,61818812,61818812
3,62273227,62273227
3,62917889,62917889
3,63450628,63450628
3,63513804,63513804
3,63753662,63753662
3,63777183,63777183
3,64169913,64169913
3,64316576,64316576
3,64353241,64353241
3,64438520,64438520
3,64663917,64663917
3,64783982,64783982
3,65264053,65264053
3,65426930,65426930
3,65570120,65570120
3,66019243,66019243
3,67038559,67038559
3,67065216,67065216
3,67284106,67284106
3,67355230,67355230
3,67872286,67872286
3,68075556,68075556
3,68675177,68675177
3,68848393,68848393
3,69757500,69757500
3,69813008,69813008
3,69915438,69915438
3,70020539,70020539
3,70282086,70282086
3,70538592,70538592
3,70740293,70740293
3,70793215,70793215
3,71154150,71154150
3,71161688,71161688
3,71408336,71408336
3,71417586,71417586
3,71436287,71436287
3,71673289,71673289
3,72189616,72189616
3,72456225,72456225
3,72701412,72701412
3,73393355,73393355
3,74457250,74457250
3,75110075,75110075
3,78072552,78072552
3,78352010,78352010
3,78495155,78495155
3,78532692,78532692
3,78572534,78572534
3,78625479,78625479
3,78756309,78756309
3,78973873,78973873
3,80006920,80006920
3,80026817,80026817
3,80118688,80118688
3,80950667,80950667
3,80964299,80964299
3,81050767,81050767
3,81841088,81841088
3,82241146,82241146
3,82333197,82333197
3,82873742,82873742
3,83191436,83191436
3,83315838,83315838
3,83729717,83729717
3,84225001,84225001
3,84333003,84333003
3,84769797,84769797
3,84826401,84826401
3,84844669,84844669
3,85376980,85376980
3,86324478,86324478
3,86393182,86393182
3,86445373,86445373
3,87251952,87251952
3,87305491,87305491
3,87340160,87340160
3,88377878,88377878
3,88390527,88390527
3,88514886,88514886
3,89127193,89127193
3,89549140,89549140
3,89680165,89680165
3,90311140,90311140
3,93658194,93658194
3,94172335,94172335
3,94348902,94348902
3,94359472,94359472
3,94588959,94588959
3,94712232,94712232
3,94957184,94957184
3,95446305,95446305
3,95469749,95469749
3,95513362,95513362
3,96110304,96110304
3,96332900,96332900
3,96802711,96802711
3,97061014,97061014
3,97181131,97181131
3,97273504,97273504
3,97304332,97304332
3,97458579,97458579
3,97536443,97536443
3,97600741,97600741
3,97667862,97667862
3,97825370,97825370
3,98023232,98023232
3,98747993,98747993
3,98767395,98767395
3,99302403,99302403
3,99858165,99858165
3,99961601,99961601
3,100342520,100342520
3,100505910,100505910
3,101033650,101033650
3,101431878,101431878
3,101620769,101620769
3,101899409,101899409
3,101970866,101970866
3,102077185,102077185
3,102398295,102398295
3,102454843,102454843
3,102675005,102675005
3,102966952,102966952
3,103112904,103112904
3,103265792,103265792
3,103745984,103745984
3,104104331,104104331
3,104496119,104496119
3,104595841,104595841
3,104681486,104681486
3,104989709,104989709
3,105141499,105141499
3,105389884,105389884
3,105397314,105397314
3,105712092,105712092
3,106186277,106186277
3,106858114,106858114
3,107156180,107156180
3,107254754,107254754
3,107274084,107274084
3,107409015,107409015
3,107444548,107444548
3,107501895,107501895
3,107691096,107691096
3,107867433,107867433
3,107914266,107914266
3,108039736,108039736
3,108124308,108124308
3,108200422,108200422
3,108213958,108213958
3,109891181,109891181
3,109949942,109949942
3,110125382,110125382
3,110131301,110131301
3,110241779,110241779
3,110473476,110473476
3,110618456,110618456
3,110851673,110851673
3,110944800,110944800
3,111116226,111116226
3,111368286,111368286
3,111604022,111604022
3,111663595,111663595
3,111973078,111973078
3,112549858,112549858
3,113376532,113376532
3,113566175,113566175
3,113617175,113617175
3,113657129,113657129
3,113727615,113727615
3,113832514,113832514
3,113914154,113914154
3,114122273,114122273
3,114300734,114300734
3,114344278,114344278
3,114773874,114773874
3,115508088,115508088
3,115530768,115530768
3,115542499,115542499
3,116202149,116202149
3,116234213,116234213
3,116669831,116669831
3,116768220,116768220
3,117021341,117021341
3,117517777,117517777
3,117769960,117769960
3,118101377,118101377
3,118361897,118361897
3,118656443,118656443
3,118712174,118712174
3,119310209,119310209
3,119469283,119469283
3,120357665,120357665
3,120499149,120499149
3,120896528,120896528
3,121661293,121661293
3,121684500,121684500
3,121746078,121746078
3,122195256,122195256
3,122520209,122520209
3,122591106,122591106
3,123219974,123219974
3,123537769,123537769
3,123748651,123748651
3,123968270,123968270
3,123977817,123977817
3,124046851,124046851
3,124709352,124709352
3,124787878,124787878
3,125186325,125186325
3,125196909,125196909
3,125714667,125714667
3,126305453,126305453
3,126383608,126383608
3,126396106,126396106
3,126467486,126467486
3,127843148,127843148
3,128068613,128068613
3,128200675,128200675
3,128345642,128345642
3,128406201,128406201
3,128418269,128418269
3,129495043,129495043
3,129505111,129505111
3,130708957,130708957
3,130935126,130935126
3,131213350,131213350
3,132297034,132297034
3,132368713,132368713
3,132903934,132903934
3,133207800,133207800
3,133712381,133712381
3,133855835,133855835
3,133897618,133897618
3,134039950,134039950
3,135823960,135823960
3,135936281,135936281
3,136129407,136129407
3,136284930,136284930
3,136886642,136886642
3,137007708,137007708
3,137340230,137340230
3,137488703,137488703
3,137579545,137579545
3,137587269,137587269
3,138225316,138225316
3,138485597,138485597
3,138607325,138607325
3,138663164,138663164
3,138733356,138733356
3,138814039,138814039
3,140314043,140314043
3,140720887,140720887
3,140918499,140918499
3,141061755,141061755
3,141469975,141469975
3,141548529,141548529
3,141711644,141711644
3,142098302,142098302
3,142608087,142608087
3,142738795,142738795
3,142800502,142800502
3,143228378,143228378
3,144174677,144174677
3,144222904,144222904
3,144317536,144317536
3,144398868,144398868
3,145096722,145096722
3,145669308,145669308
3,145677250,145677250
3,145709249,145709249
3,145827592,145827592
3,145842671,145842671
3,146014154,146014154
3,146127492,146127492
3,146167876,146167876
3,146739496,146739496
3,146911416,146911416
3,147199115,147199115
3,147593853,147593853
3,147844332,147844332
3,147890789,147890789
3,147900977,147900977
3,147994944,147994944
3,148512556,148512556
3,148697624,148697624
3,148768619,148768619
3,148831190,148831190
3,148972086,148972086
3,149076281,149076281
3,149387633,149387633
3,149396019,149396019
3,149561821,149561821
3,149782372,149782372
3,150338526,150338526
3,150440450,150440450
3,151255011,151255011
3,151298829,151298829
3,152217364,152217364
3,152407920,152407920
3,152453831,152453831
3,152646252,152646252
3,153257827,153257827
3,153830645,153830645
3,154103833,154103833
3,155628928,155628928
3,156074068,156074068
3,156182261,156182261
3,156192150,156192150
3,156365481,156365481
3,157003910,157003910
3,157300453,157300453
3,157432492,157432492
3,157623134,157623134
3,157857462,157857462
3,157950376,157950376
3,158060661,158060661
3,158300690,158300690
3,158388931,158388931
3,158809704,158809704
3,159281866,159281866
3,159293450,159293450
3,159405892,159405892
3,159556912,159556912
3,160034914,160034914
3,160110300,160110300
3,160777172,160777172
3,160858276,160858276
3,161098736,161098736
3,161109973,161109973
3,161538836,161538836
3,161670046,161670046
3,162339249,162339249
3,162403862,162403862
3,162600473,162600473
3,163358525,163358525
3,163377073,163377073
3,163500871,163500871
3,163700516,163700516
3,164236388,164236388
3,164288435,164288435
3,164315662,164315662
3,164357690,164357690
3,164888506,164888506
3,164966482,164966482
3,165259827,165259827
3,165585768,165585768
3,165817750,165817750
3,166048974,166048974
3,166385445,166385445
3,166406266,166406266
3,166586198,166586198
3,166626019,166626019
3,166729440,166729440
3,166974323,166974323
3,166992354,166992354
3,167032273,167032273
3,167127182,167127182
3,167296005,167296005
3,167624137,167624137
3,167804621,167804621
3,168068733,168068733
3,168147633,168147633
3,168175793,168175793
3,168253428,168253428
3,168326603,168326603
3,168439240,168439240
3,168480017,168480017
3,168742663,168742663
3,168849239,168849239
3,169016456,169016456
3,170664250,170664250
3,171070053,171070053
3,171291927,171291927
3,171424169,171424169
3,171926208,171926208
3,172262526,172262526
3,172395044,172395044
3,172426325,172426325
3,172592601,172592601
3,172920696,172920696
3,172935983,172935983
3,173611630,173611630
3,173645061,173645061
3,174119536,174119536
3,174263039,174263039
3,174312956,174312956
3,175496157,175496157
3,175725229,175725229
3,175762871,175762871
3,176005188,176005188
3,176589477,176589477
3,176632163,176632163
3,177462184,177462184
3,177924681,177924681
3,178108141,178108141
3,178121858,178121858
3,178937022,178937022
3,178947892,178947892
3,179195287,179195287
3,179519063,179519063
3,179701944,179701944
3,179990425,179990425
3,180043066,180043066
3,180174793,180174793
3,180342860,180342860
3,180418361,180418361
3,180695371,180695371
3,180767917,180767917
3,180794023,180794023
3,180815383,180815383
3,180931476,180931476
3,181838305,181838305
3,182039778,182039778
3,182039791,182039791
3,182052491,182052491
3,182288826,182288826
3,182441820,182441820
3,182561682,182561682
3,183031536,183031536
3,183042231,183042231
3,183048338,183048338
3,184357411,184357411
3,184556582,184556582
3,185809748,185809748
3,186710287,186710287
3,186716444,186716444
3,186840276,186840276
3,187027227,187027227
3,187148043,187148043
3,187252267,187252267
3,187385895,187385895
3,187492957,187492957
3,187922512,187922512
3,188026145,188026145
3,188591427,188591427
3,188645732,188645732
3,188770719,188770719
3,188928717,188928717
3,189069633,189069633
3,189310201,189310201
3,189329002,189329002
3,189371372,189371372
3,189408433,189408433
3,190343913,190343913
3,190388199,190388199
3,190402406,190402406
3,190954006,190954006
3,190969255,190969255
3,191240802,191240802
3,191349396,191349396
3,191675796,191675796
3,191721163,191721163
3,191779954,191779954
3,191916441,191916441
3,192072578,192072578
3,192085514,192085514
3,192249463,192249463
3,192279601,192279601
3,192598996,192598996
3,193346322,193346322
3,193846746,193846746
3,194060186,194060186
3,194446351,194446351
3,196021495,196021495
3,196030991,196030991
3,196289610,196289610
3,196512897,196512897
3,196878170,196878170
3,196940618,196940618
3,197183159,197183159
3,197220098,197220098
4,62302,62302
4,152569,152569
4,187834,187834
4,366393,366393
4,577192,577192
4,885371,885371
4,1094816,1094816
4,1122388,1122388
4,1131315,1131315
4,1507028,1507028
4,1670218,1670218
4,1929559,1929559
4,2925484,2925484
4,2954777,2954777
4,3077629,3077629
4,3344293,3344293
4,4463236,4463236
4,4488754,4488754
4,4725548,4725548
4,4901331,4901331
4,5055670,5055670
4,5340486,5340486
4,6288106,6288106
4,6607965,6607965
4,7074374,7074374
4,8053020,8053020
4,8340951,8340951
4,8446388,8446388
4,8515514,8515514
4,9147573,9147573
4,9596326,9596326
4,9850901,9850901
4,9994432,9994432
4,10650489,10650489
4,10820875,10820875
4,11296602,11296602
4,12226594,12226594
4,12351639,12351639
4,12389873,12389873
4,12592426,12592426
4,12832766,12832766
4,13405691,13405691
4,13672821,13672821
4,13689096,13689096
4,13740275,13740275
4,13814016,13814016
4,14672822,14672822
4,15831928,15831928
4,16106065,16106065
4,16253354,16253354
4,16438388,16438388
4,16573917,16573917
4,16686290,16686290
4,16894706,16894706
4,17241494,17241494
4,17844594,17844594
4,18362023,18362023
4,18434789,18434789
4,18803596,18803596
4,18939488,18939488
4,19564849,19564849
4,20109567,20109567
4,20277134,20277134
4,20697766,20697766
4,20779568,20779568
4,20904993,20904993
4,20938506,20938506
4,21306662,21306662
4,21383999,21383999
4,21462210,21462210
4,22193805,22193805
4,23173583,23173583
4,23776381,23776381
4,23821805,23821805
4,24378123,24378123
4,24429528,24429528
4,24820407,24820407
4,24909156,24909156
4,25150472,25150472
4,25582674,25582674
4,25664435,25664435
4,25676211,25676211
4,25951840,25951840
4,26440072,26440072
4,26569438,26569438
4,26889450,26889450
4,27088694,27088694
4,27103537,27103537
4,27443840,27443840
4,27866986,27866986
4,28049755,28049755
4,28361739,28361739
4,28941306,28941306
4,29260618,29260618
4,29607003,29607003
4,29753116,29753116
4,29899976,29899976
4,30395060,30395060
4,30558927,30558927
4,30601696,30601696
4,30636156,30636156
4,30740009,30740009
4,30781517,30781517
4,30829980,30829980
4,30919409,30919409
4,30928549,30928549
4,31289447,31289447
4,31333029,31333029
4,31423753,31423753
4,32278348,32278348
4,32335482,32335482
4,32625567,32625567
4,33048408,33048408
4,33196151,33196151
4,33245141,33245141
4,33351674,33351674
4,33681288,33681288
4,33736900,33736900
4,33916575,33916575
4,34036158,34036158
4,34172567,34172567
4,34197600,34197600
4,34285321,34285321
4,34385402,34385402
4,34498903,34498903
4,34883962,34883962
4,35094959,35094959
4,35595769,35595769
4,35975332,35975332
4,36234123,36234123
4,36539700,36539700
4,36768492,36768492
4,37541021,37541021
4,37698122,37698122
4,37756471,37756471
4,37864793,37864793
4,37936965,37936965
4,38057614,38057614
4,38442726,38442726
4,38500947,38500947
4,39019345,39019345
4,40352899,40352899
4,40790469,40790469
4,40818349,40818349
4,41146681,41146681
4,41166955,41166955
4,41949520,41949520
4,42152468,42152468
4,42195647,42195647
4,42266063,42266063
4,42548930,42548930
4,43331422,43331422
4,43838081,43838081
4,43889434,43889434
4,44425433,44425433
4,44788354,44788354
4,44935118,44935118
4,45206061,45206061
4,45397423,45397423
4,45482442,45482442
4,46435061,46435061
4,46818181,46818181
4,46957768,46957768
4,47013740,47013740
4,47585459,47585459
4,47800707,47800707
4,48093053,48093053
4,48416299,48416299
4,48730045,48730045
4,48997596,48997596
4,52716235,52716235
4,52932149,52932149
4,53075582,53075582
4,53293356,53293356
4,53404331,53404331
4,54202370,54202370
4,54245264,54245264
4,54255668,54255668
4,54292047,54292047
4,54324856,54324856
4,54389371,54389371
4,54465083,54465083
4,54799337,54799337
4,54915162,54915162
4,55162197,55162197
4,55182807,55182807
4,55473828,55473828
4,55565868,55565868
4,55606845,55606845
4,55955039,55955039
4,55961051,55961051
4,55968188,55968188
4,56454542,56454542
4,57116888,57116888
4,57432391,57432391
4,58297566,58297566
4,58505771,58505771
4,58987206,58987206
4,59339316,59339316
4,59415183,59415183
4,59456941,59456941
4,59915744,59915744
4,60237976,60237976
4,60376629,60376629
4,60800482,60800482
4,60896179,60896179
4,61029694,61029694
4,61450160,61450160
4,61710699,61710699
4,61792556,61792556
4,61905247,61905247
4,62503073,62503073
4,62539514,62539514
4,62745166,62745166
4,63134945,63134945
4,63391935,63391935
4,63541882,63541882
4,63585618,63585618
4,63618047,63618047
4,64229276,64229276
4,64251927,64251927
4,64513380,64513380
4,64585832,64585832
4,64745231,64745231
4,64806764,64806764
4,64841883,64841883
4,65044760,65044760
4,65278618,65278618
4,65978023,65978023
4,66057608,66057608
4,66147525,66147525
4,66251775,66251775
4,66258144,66258144
4,66570564,66570564
4,67310107,67310107
4,67898513,67898513
4,68901980,68901980
4,69934700,69934700
4,71360737,71360737
4,71478401,71478401
4,71645612,71645612
4,72319989,72319989
4,72615601,72615601
4,72698296,72698296
4,72842353,72842353
4,73008554,73008554
4,73039830,73039830
4,73486123,73486123
4,74175589,74175589
4,74454966,74454966
4,74918357,74918357
4,75245381,75245381
4,75271548,75271548
4,75395530,75395530
4,75882044,75882044
4,76568167,76568167
4,76610967,76610967
4,77143173,77143173
4,77386271,77386271
4,77725015,77725015
4,77832744,77832744
4,77865971,77865971
4,78746449,78746449
4,78802457,78802457
4,78877966,78877966
4,79321969,79321969
4,79358583,79358583
4,79713142,79713142
4,79810043,79810043
4,80057642,80057642
4,80296493,80296493
4,81094619,81094619
4,81331956,81331956
4,81484481,81484481
4,81860070,81860070
4,82276038,82276038
4,82335750,82335750
4,82380984,82380984
4,82421832,82421832
4,82500609,82500609
4,82555489,82555489
4,82564097,82564097
4,82580320,82580320
4,83374598,83374598
4,83427166,83427166
4,83573935,83573935
4,83619087,83619087
4,83702949,83702949
4,83814579,83814579
4,83909087,83909087
4,84114016,84114016
4,84561419,84561419
4,84719032,84719032
4,84781535,84781535
4,85000944,85000944
4,85142892,85142892
4,85149916,85149916
4,85712910,85712910
4,85755975,85755975
4,85877845,85877845
4,86103011,86103011
4,86631786,86631786
4,86909077,86909077
4,87218241,87218241
4,87526813,87526813
4,87961009,87961009
4,88457329,88457329
4,88568460,88568460
4,88906061,88906061
4,89073276,89073276
4,89285649,89285649
4,89432440,89432440
4,89862601,89862601
4,89953889,89953889
4,90183381,90183381
4,90215973,90215973
4,90934969,90934969
4,90959476,90959476
4,90987036,90987036
4,91083135,91083135
4,91107360,91107360
4,91163796,91163796
4,91547740,91547740
4,91977264,91977264
4,92044361,92044361
4,92106846,92106846
4,92515431,92515431
4,92771902,92771902
4,92939859,92939859
4,93018671,93018671
4,93201586,93201586
4,93692019,93692019
4,93796034,93796034
4,93955759,93955759
4,94427972,94427972
4,94990695,94990695
4,95070617,95070617
4,95101040,95101040
4,95192108,95192108
4,95703375,95703375
4,95738944,95738944
4,95788135,95788135
4,95798427,95798427
4,96004997,96004997
4,96054698,96054698
4,96346755,96346755
4,96362128,96362128
4,96509087,96509087
4,96610040,96610040
4,97358878,97358878
4,97465020,97465020
4,97588223,97588223
4,97734160,97734160
4,97844020,97844020
4,99134498,99134498
4,99325715,99325715
4,99358168,99358168
4,99572216,99572216
4,99783536,99783536
4,99835931,99835931
4,99953085,99953085
4,100195405,100195405
4,100423940,100423940
4,100720189,100720189
4,100843695,100843695
4,101116979,101116979
4,101617035,101617035
4,102210477,102210477
4,102265168,102265168
4,102791591,102791591
4,103059834,103059834
4,103088677,103088677
4,103249127,103249127
4,103370928,103370928
4,103678185,103678185
4,103698652,103698652
4,103860232,103860232
4,104274598,104274598
4,104340729,104340729
4,104375828,104375828
4,105468335,105468335
4,105716302,105716302
4,105841806,105841806
4,106028638,106028638
4,106066551,106066551
4,106111528,106111528
4,106155787,106155787
4,106197934,106197934
4,106365962,106365962
4,106440754,106440754
4,106542780,106542780
4,106684991,106684991
4,106715589,106715589
4,107023088,107023088
4,107562799,107562799
4,107855866,107855866
4,108441497,108441497
4,108608489,108608489
4,108744060,108744060
4,108792963,108792963
4,109078870,109078870
4,109345149,109345149
4,109350192,109350192
4,110202759,110202759
4,110532337,110532337
4,110664257,110664257
4,110762818,110762818
4,111068599,111068599
4,111596413,111596413
4,111885700,111885700
4,112218501,112218501
4,112501447,112501447
4,112691091,112691091
4,112795661,112795661
4,112994927,112994927
4,113078052,113078052
4,113727925,113727925
4,113828371,113828371
4,113850911,113850911
4,113937685,113937685
4,114705066,114705066
4,115156101,115156101
4,115756204,115756204
4,116412387,116412387
4,116989250,116989250
4,117234877,117234877
4,118527750,118527750
4,118665327,118665327
4,118854790,118854790
4,119144678,119144678
4,119174376,119174376
4,119233595,119233595
4,119288712,119288712
4,119391558,119391558
4,120591239,120591239
4,120648310,120648310
4,120899707,120899707
4,121265805,121265805
4,122269788,122269788
4,122413885,122413885
4,123025608,123025608
4,123141551,123141551
4,123372749,123372749
4,123772513,123772513
4,123786808,123786808
4,124222735,124222735
4,124572563,124572563
4,125064429,125064429
4,125250079,125250079
4,125297773,125297773
4,125387166,125387166
4,125599315,125599315
4,125664357,125664357
4,126997965,126997965
4,127569339,127569339
4,127705042,127705042
4,128308306,128308306
4,128476164,128476164
4,128908984,128908984
4,129061503,129061503
4,129109596,129109596
4,129171880,129171880
4,129437380,129437380
4,129858565,129858565
4,129977305,129977305
4,130090021,130090021
4,130144651,130144651
4,130157532,130157532
4,130291366,130291366
4,130448541,130448541
4,130554572,130554572
4,131260623,131260623
4,131475746,131475746
4,131911057,131911057
4,131976457,131976457
4,132021147,132021147
4,132539696,132539696
4,133421899,133421899
4,133461259,133461259
4,133718477,133718477
4,133767858,133767858
4,134217618,134217618
4,134313909,134313909
4,134696866,134696866
4,134718230,134718230
4,135150585,135150585
4,135288942,135288942
4,135389306,135389306
4,135708214,135708214
4,136153358,136153358
4,136873372,136873372
4,137460541,137460541
4,138397191,138397191
4,138633801,138633801
4,139411044,139411044
4,139599343,139599343
4,139818769,139818769
4,140194254,140194254
4,140221543,140221543
4,140498735,140498735
4,140533906,140533906
4,140583159,140583159
4,140676196,140676196
4,140772265,140772265
4,141092225,141092225
4,141389279,141389279
4,141999322,141999322
4,142339460,142339460
4,142886105,142886105
4,143078719,143078719
4,143190818,143190818
4,143711697,143711697
4,143995566,143995566
4,144488466,144488466
4,145520255,145520255
4,146667512,146667512
4,146827001,146827001
4,147095555,147095555
4,147571253,147571253
4,147809413,147809413
4,148272165,148272165
4,148376057,148376057
4,148528945,148528945
4,149206205,149206205
4,149506237,149506237
4,149570474,149570474
4,150171122,150171122
4,150203189,150203189
4,150384832,150384832
4,150476747,150476747
4,150532712,150532712
4,150555542,150555542
4,150614055,150614055
4,150782551,150782551
4,151169804,151169804
4,151371454,151371454
4,151646181,151646181
4,151822990,151822990
4,151844530,151844530
4,152254818,152254818
4,152687494,152687494
4,152714671,152714671
4,152741775,152741775
4,152978711,152978711
4,153245433,153245433
4,153259025,153259025
4,153271204,153271204
4,153332963,153332963
4,153461721,153461721
4,153612843,153612843
4,154027173,154027173
4,154268944,154268944
4,154352468,154352468
4,154540280,154540280
4,154815197,154815197
4,154919111,154919111
4,155482065,155482065
4,155528169,155528169
4,155743516,155743516
4,156610338,156610338
4,156891486,156891486
4,156922805,156922805
4,157330478,157330478
4,157343272,157343272
4,157564279,157564279
4,157607686,157607686
4,157795275,157795275
4,157823253,157823253
4,157986335,157986335
4,158369591,158369591
4,158438356,158438356
4,158572567,158572567
4,158914466,158914466
4,159231722,159231722
4,160237920,160237920
4,160819514,160819514
4,160992048,160992048
4,161207678,161207678
4,161680654,161680654
4,161762194,161762194
4,161894341,161894341
4,162139925,162139925
4,162685000,162685000
4,162812763,162812763
4,163003298,163003298
4,163857891,163857891
4,164238850,164238850
4,164275241,164275241
4,164615014,164615014
4,165376752,165376752
4,165561946,165561946
4,165900906,165900906
4,166348827,166348827
4,166403819,166403819
4,166855756,166855756
4,167527807,167527807
4,167594211,167594211
4,167812823,167812823
4,167863182,167863182
4,168143573,168143573
4,168446547,168446547
4,168851310,168851310
4,168972172,168972172
4,168979466,168979466
4,169021737,169021737
4,169523112,169523112
4,169532562,169532562
4,170048507,170048507
4,170094063,170094063
4,171429095,171429095
4,171862055,171862055
4,171902114,171902114
4,172048709,172048709
4,172344288,172344288
4,172359976,172359976
4,172369434,172369434
4,172398308,172398308
4,172561199,172561199
4,172588113,172588113
4,172740963,172740963
4,173167718,173167718
4,173664038,173664038
4,173675304,173675304
4,174033358,174033358
4,174156942,174156942
4,174972284,174972284
4,175122383,175122383
4,175167243,175167243
4,175215044,175215044
4,175647942,175647942
4,175722946,175722946
4,176004857,176004857
4,176320070,176320070
4,176484660,176484660
4,176503413,176503413
4,176719907,176719907
4,177122771,177122771
4,177171582,177171582
4,177326298,177326298
4,177369519,177369519
4,177702813,177702813
4,177728358,177728358
4,178062150,178062150
4,178127992,178127992
4,178314099,178314099
4,178706301,178706301
4,178785389,178785389
4,178793499,178793499
4,179098699,179098699
4,179706751,179706751
4,180200744,180200744
4,180308725,180308725
4,180393432,180393432
4,180938950,180938950
4,181043630,181043630
4,181061280,181061280
4,181406276,181406276
4,182099767,182099767
4,182235856,182235856
4,182271414,182271414
4,182386748,182386748
4,182614082,182614082
4,182955150,182955150
4,183402304,183402304
4,183822457,183822457
4,184119357,184119357
4,184247452,184247452
4,184613490,184613490
4,184914310,184914310
4,184925503,184925503
4,185392834,185392834
4,185444791,185444791
4,185728558,185728558
4,185963260,185963260
4,186059683,186059683
4,186305683,186305683
4,186335120,186335120
4,186764800,186764800
4,186855616,186855616
4,186875825,186875825
4,187782074,187782074
4,187804172,187804172
4,188007731,188007731
4,188037583,188037583
4,188537341,188537341
4,188632719,188632719
4,188954727,188954727
4,189142912,189142912
4,189460586,189460586
4,189786809,189786809
4,190114067,190114067
4,190176385,190176385
4,190393637,190393637
4,190601164,190601164
4,190631977,190631977
5,49252,49252
5,1880491,1880491
5,2009665,2009665
5,2194746,2194746
5,2332533,2332533
5,2601396,2601396
5,2795607,2795607
5,2919192,2919192
5,2979496,2979496
5,3309723,3309723
5,3424686,3424686
5,3719816,3719816
5,3796434,3796434
5,3874851,3874851
5,4143436,4143436
5,4389995,4389995
5,4426859,4426859
5,4812177,4812177
5,5870685,5870685
5,6138230,6138230
5,6176890,6176890
5,6402712,6402712
5,6434166,6434166
5,6536485,6536485
5,6880416,6880416
5,7258982,7258982
5,8451932,8451932
5,8544590,8544590
5,9453376,9453376
5,9508515,9508515
5,9574117,9574117
5,9674833,9674833
5,10207229,10207229
5,10415285,10415285
5,10841663,10841663
5,10993094,10993094
5,11055682,11055682
5,11507150,11507150
5,11811466,11811466
5,11896842,11896842
5,12107706,12107706
5,12294129,12294129
5,12482143,12482143
5,12646513,12646513
5,12832461,12832461
5,13238700,13238700
5,13405427,13405427
5,13446686,13446686
5,13468316,13468316
5,13766356,13766356
5,14121792,14121792
5,14517361,14517361
5,14679692,14679692
5,14775401,14775401
5,15543990,15543990
5,15694585,15694585
5,16067657,16067657
5,16431250,16431250
5,16696654,16696654
5,16822589,16822589
5,17005258,17005258
5,17741416,17741416
5,18506946,18506946
5,18723428,18723428
5,18732708,18732708
5,19083826,19083826
5,19263530,19263530
5,19732444,19732444
5,19902318,19902318
5,20005185,20005185
5,20179274,20179274
5,21048045,21048045
5,21145137,21145137
5,21451776,21451776
5,21609687,21609687
5,21638526,21638526
5,22025956,22025956
5,22037470,22037470
5,22305846,22305846
5,22548841,22548841
5,22658759,22658759
5,22726686,22726686
5,22833182,22833182
5,23054209,23054209
5,23591842,23591842
5,23612490,23612490
5,24048372,24048372
5,24295585,24295585
5,24850697,24850697
5,26256919,26256919
5,26297560,26297560
5,26441782,26441782
5,26490488,26490488
5,27352564,27352564
5,27364520,27364520
5,27476988,27476988
5,27573703,27573703
5,27647978,27647978
5,28357597,28357597
5,29079472,29079472
5,29499282,29499282
5,29862809,29862809
5,29959609,29959609
5,30344505,30344505
5,30879763,30879763
5,31145099,31145099
5,31162757,31162757
5,33002380,33002380
5,33297667,33297667
5,34944089,34944089
5,34982750,34982750
5,35327055,35327055
5,35394869,35394869
5,35557126,35557126
5,35761646,35761646
5,35951276,35951276
5,35962292,35962292
5,36058387,36058387
5,36569059,36569059
5,37110274,37110274
5,37717330,37717330
5,38201999,38201999
5,38369161,38369161
5,38506657,38506657
5,38541330,38541330
5,38727778,38727778
5,39064883,39064883
5,39222865,39222865
5,39233758,39233758
5,39605985,39605985
5,39671146,39671146
5,39778574,39778574
5,40036376,40036376
5,40075840,40075840
5,40095800,40095800
5,41293503,41293503
5,41378772,41378772
5,41392433,41392433
5,41432641,41432641
5,41650465,41650465
5,42612598,42612598
5,43254158,43254158
5,43274288,43274288
5,43479433,43479433
5,43868605,43868605
5,44220520,44220520
5,44235253,44235253
5,44361629,44361629
5,44563400,44563400
5,44627323,44627323
5,44642046,44642046
5,44946499,44946499
5,45130133,45130133
5,45358320,45358320
5,45480385,45480385
5,45652787,45652787
5,45684045,45684045
5,45873600,45873600
5,45898606,45898606
5,49988727,49988727
5,49994910,49994910
5,50144594,50144594
5,50237059,50237059
5,50542375,50542375
5,50825814,50825814
5,51300915,51300915
5,51770949,51770949
5,51790392,51790392
5,52587038,52587038
5,52829335,52829335
5,53157451,53157451
5,53201621,53201621
5,53340114,53340114
5,54078349,54078349
5,54318698,54318698
5,54356685,54356685
5,54433954,54433954
5,54433973,54433973
5,54433981,54433981
5,54605091,54605091
5,55035440,55035440
5,55116701,55116701
5,55232246,55232246
5,55238506,55238506
5,55272069,55272069
5,55305674,55305674
5,56269955,56269955
5,56276770,56276770
5,56307596,56307596
5,56327856,56327856
5,56936599,56936599
5,57097936,57097936
5,57994645,57994645
5,58551385,58551385
5,58681965,58681965
5,59331845,59331845
5,59383402,59383402
5,59922271,59922271
5,60849349,60849349
5,61091216,61091216
5,61347464,61347464
5,61960997,61960997
5,62395597,62395597
5,62571296,62571296
5,62607962,62607962
5,62615767,62615767
5,62689011,62689011
5,62853381,62853381
5,63456370,63456370
5,64446088,64446088
5,64840644,64840644
5,65259279,65259279
5,65648197,65648197
5,65713606,65713606
5,65729676,65729676
5,66439303,66439303
5,66796551,66796551
5,66840733,66840733
5,67048156,67048156
5,67569287,67569287
5,67635419,67635419
5,68088417,68088417
5,68318585,68318585
5,68345794,68345794
5,68823631,68823631
5,71450617,71450617
5,71570596,71570596
5,71994650,71994650
5,72300233,72300233
5,72485426,72485426
5,72733692,72733692
5,73597230,73597230
5,73720259,73720259
5,73812154,73812154
5,74650508,74650508
5,74698055,74698055
5,75214850,75214850
5,75344189,75344189
5,75865847,75865847
5,75990713,75990713
5,76058095,76058095
5,76534997,76534997
5,76588742,76588742
5,76745452,76745452
5,77182863,77182863
5,77348619,77348619
5,77553563,77553563
5,77561097,77561097
5,77570248,77570248
5,77745003,77745003
5,77931771,77931771
5,77937616,77937616
5,78249921,78249921
5,78626611,78626611
5,78778413,78778413
5,78811337,78811337
5,79176466,79176466
5,79378676,79378676
5,79541077,79541077
5,79708581,79708581
5,79723402,79723402
5,79734131,79734131
5,79774422,79774422
5,80486320,80486320
5,80495890,80495890
5,80561390,80561390
5,80776787,80776787
5,81340786,81340786
5,81352541,81352541
5,81794797,81794797
5,82554207,82554207
5,82887462,82887462
5,82939704,82939704
5,83008930,83008930
5,83102152,83102152
5,83231337,83231337
5,84113603,84113603
5,84278295,84278295
5,84635379,84635379
5,84689853,84689853
5,84817047,84817047
5,84943941,84943941
5,85062821,85062821
5,85250683,85250683
5,85287468,85287468
5,85491058,85491058
5,85727083,85727083
5,85781909,85781909
5,85977167,85977167
5,86052909,86052909
5,86409846,86409846
5,86824588,86824588
5,86881545,86881545
5,86976351,86976351
5,87199772,87199772
5,87675161,87675161
5,88193032,88193032
5,88234650,88234650
5,88385090,88385090
5,89084517,89084517
5,89658753,89658753
5,89902267,89902267
5,90165800,90165800
5,90460210,90460210
5,90551497,90551497
5,90630271,90630271
5,91576082,91576082
5,92799870,92799870
5,93521962,93521962
5,93640033,93640033
5,94059232,94059232
5,94417024,94417024
5,94529226,94529226
5,94660413,94660413
5,94961154,94961154
5,95026511,95026511
5,95083342,95083342
5,95209676,95209676
5,95929424,95929424
5,96496926,96496926
5,96592126,96592126
5,96939338,96939338
5,96954011,96954011
5,97292033,97292033
5,97326381,97326381
5,98331869,98331869
5,98777382,98777382
5,98910322,98910322
5,100005655,100005655
5,100693337,100693337
5,100710497,100710497
5,101042025,101042025
5,102152640,102152640
5,102269222,102269222
5,103498910,103498910
5,103714770,103714770
5,103771560,103771560
5,103800005,103800005
5,104170082,104170082
5,104181433,104181433
5,104229339,104229339
5,104375918,104375918
5,104741788,104741788
5,105440490,105440490
5,105577356,105577356
5,105738554,105738554
5,106230000,106230000
5,106509424,106509424
5,106970848,106970848
5,106997052,106997052
5,107030774,107030774
5,107427460,107427460
5,107544058,107544058
5,107699435,107699435
5,108582536,108582536
5,108670373,108670373
5,108908536,108908536
5,108964297,108964297
5,109085834,109085834
5,109138110,109138110
5,109184032,109184032
5,109235235,109235235
5,109242286,109242286
5,109388409,109388409
5,109394477,109394477
5,109464848,109464848
5,109978881,109978881
5,110443437,110443437
5,111179790,111179790
5,111697703,111697703
5,112145966,112145966
5,112180437,112180437
5,112348256,112348256
5,112386631,112386631
5,112488191,112488191
5,112599714,112599714
5,113013019,113013019
5,113371457,113371457
5,113809442,113809442
5,114107296,114107296
5,114246369,114246369
5,115107585,115107585
5,115236152,115236152
5,115479229,115479229
5,115499035,115499035
5,116053906,116053906
5,116668916,116668916
5,116720892,116720892
5,116847671,116847671
5,117002137,117002137
5,117335312,117335312
5,117631763,117631763
5,118075486,118075486
5,118089293,118089293
5,118499746,118499746
5,118565877,118565877
5,118697154,118697154
5,118825908,118825908
5,119033079,119033079
5,119132250,119132250
5,119208432,119208432
5,119954672,119954672
5,120052368,120052368
5,121198281,121198281
5,121212249,121212249
5,121477811,121477811
5,121816829,121816829
5,122377639,122377639
5,122678236,122678236
5,123060746,123060746
5,123071722,123071722
5,124555164,124555164
5,125268222,125268222
5,125345161,125345161
5,125511027,125511027
5,125553725,125553725
5,126193313,126193313
5,126641925,126641925
5,127119668,127119668
5,127431929,127431929
5,127466886,127466886
5,127500051,127500051
5,127652564,127652564
5,127722071,127722071
5,127803464,127803464
5,128043143,128043143
5,128412900,128412900
5,128679880,128679880
5,128842030,128842030
5,129280266,129280266
5,129851926,129851926
5,130037908,130037908
5,130183714,130183714
5,130267621,130267621
5,130346635,130346635
5,130433837,130433837
5,130592235,130592235
5,130675055,130675055
5,130766556,130766556
5,131159795,131159795
5,131296244,131296244
5,131507340,131507340
5,131609343,131609343
5,131896450,131896450
5,132169737,132169737
5,132263286,132263286
5,132320792,132320792
5,132423656,132423656
5,132579154,132579154
5,132812054,132812054
5,132835857,132835857
5,133473840,133473840
5,133683667,133683667
5,134480090,134480090
5,134748468,134748468
5,134904449,134904449
5,134934489,134934489
5,135316343,135316343
5,136197594,136197594
5,136388038,136388038
5,136597228,136597228
5,136857313,136857313
5,137074806,137074806
5,137730657,137730657
5,137823583,137823583
5,137942205,137942205
5,138369903,138369903
5,138479256,138479256
5,138613378,138613378
5,138976906,138976906
5,138984252,138984252
5,139330967,139330967
5,140464996,140464996
5,140633320,140633320
5,141746036,141746036
5,141850618,141850618
5,142013864,142013864
5,142054200,142054200
5,142136532,142136532
5,142460900,142460900
5,142721738,142721738
5,142954516,142954516
5,143092998,143092998
5,143122571,143122571
5,143677042,143677042
5,143911894,143911894
5,144105260,144105260
5,144190148,144190148
5,144641389,144641389
5,144670368,144670368
5,144877245,144877245
5,144952566,144952566
5,145102820,145102820
5,145260293,145260293
5,145615108,145615108
5,146419995,146419995
5,146450380,146450380
5,147447285,147447285
5,148004046,148004046
5,148014375,148014375
5,148185905,148185905
5,148225719,148225719
5,148677203,148677203
5,148866934,148866934
5,148904437,148904437
5,148963405,148963405
5,149230925,149230925
5,149781622,149781622
5,149800241,149800241
5,150078336,150078336
5,150380519,150380519
5,150732820,150732820
5,151300728,151300728
5,151377575,151377575
5,151568978,151568978
5,151596554,151596554
5,151855034,151855034
5,151874594,151874594
5,152558642,152558642
5,153090372,153090372
5,153278720,153278720
5,153557018,153557018
5,153721968,153721968
5,154019801,154019801
5,154037818,154037818
5,154333883,154333883
5,154707760,154707760
5,155893100,155893100
5,156641326,156641326
5,156680929,156680929
5,156745937,156745937
5,157202987,157202987
5,157542339,157542339
5,157808888,157808888
5,157970777,157970777
5,158057809,158057809
5,158185144,158185144
5,158553514,158553514
5,158598842,158598842
5,158864258,158864258
5,158890187,158890187
5,158997310,158997310
5,159088455,159088455
5,159141922,159141922
5,159316216,159316216
5,159722560,159722560
5,159917542,159917542
5,160047053,160047053
5,160731601,160731601
5,160779507,160779507
5,161662440,161662440
5,161840762,161840762
5,161902356,161902356
5,162231174,162231174
5,162560268,162560268
5,162644028,162644028
5,162813019,162813019
5,162952758,162952758
5,163106887,163106887
5,163730933,163730933
5,164005865,164005865
5,164791803,164791803
5,164839399,164839399
5,164887742,164887742
5,164968407,164968407
5,165121161,165121161
5,165345343,165345343
5,165436367,165436367
5,165841070,165841070
5,166446272,166446272
5,166764875,166764875
5,167319983,167319983
5,167521139,167521139
5,167586317,167586317
5,167865320,167865320
5,167979286,167979286
5,168816808,168816808
5,170308839,170308839
5,170550571,170550571
5,170585445,170585445
5,170632534,170632534
5,170763112,170763112
5,170827178,170827178
5,171654427,171654427
5,171789534,171789534
5,171983518,171983518
5,172263892,172263892
5,172428672,172428672
5,172947375,172947375
5,173418387,173418387
5,173631977,173631977
5,173970877,173970877
5,174527598,174527598
5,174768609,174768609
5,174944754,174944754
5,175171365,175171365
5,175244854,175244854
5,175361299,175361299
5,176148054,176148054
5,176562391,176562391
5,176631229,176631229
5,176666857,176666857
5,177501282,177501282
5,177663991,177663991
5,177773091,177773091
5,178072526,178072526
5,178833313,178833313
5,179935477,179935477
5,180127973,180127973
5,180481964,180481964
5,180668848,180668848
6,216831,216831
6,411426,411426
6,776017,776017
6,1099312,1099312
6,1199442,1199442
6,1206855,1206855
6,1971436,1971436
6,2930503,2930503
6,3554633,3554633
6,3586528,3586528
6,4206514,4206514
6,4819212,4819212
6,5050759,5050759
6,5158065,5158065
6,5445615,5445615
6,5547171,5547171
6,5988171,5988171
6,6254206,6254206
6,6415358,6415358
6,6756920,6756920
6,6780304,6780304
6,6946474,6946474
6,7066191,7066191
6,7166732,7166732
6,7822971,7822971
6,7950220,7950220
6,8042700,8042700
6,8276168,8276168
6,8542162,8542162
6,8780652,8780652
6,9022861,9022861
6,9227656,9227656
6,9280267,9280267
6,10168784,10168784
6,10373562,10373562
6,10573272,10573272
6,10933786,10933786
6,11276874,11276874
6,11695408,11695408
6,12297724,12297724
6,12436800,12436800
6,12967315,12967315
6,13142179,13142179
6,13205523,13205523
6,13494076,13494076
6,13686027,13686027
6,14359118,14359118
6,14389013,14389013
6,14423478,14423478
6,14771903,14771903
6,15373709,15373709
6,15459555,15459555
6,16521561,16521561
6,16772674,16772674
6,17227298,17227298
6,17686355,17686355
6,18258229,18258229
6,18361913,18361913
6,18497025,18497025
6,18596464,18596464
6,20577353,20577353
6,20958181,20958181
6,20983560,20983560
6,21099065,21099065
6,21189707,21189707
6,21373287,21373287
6,21827181,21827181
6,22057004,22057004
6,22139892,22139892
6,22141030,22141030
6,22185910,22185910
6,22454007,22454007
6,22541006,22541006
6,22866225,22866225
6,23108248,23108248
6,23142773,23142773
6,23307476,23307476
6,23731064,23731064
6,23796965,23796965
6,24125976,24125976
6,24150161,24150161
6,24419884,24419884
6,24699137,24699137
6,25226490,25226490
6,25250807,25250807
6,25559443,25559443
6,27117942,27117942
6,27201165,27201165
6,27386607,27386607
6,27397659,27397659
6,27416994,27416994
6,27521382,27521382
6,27627698,27627698
6,27725052,27725052
6,28137712,28137712
6,33488025,33488025
6,34807210,34807210
6,34934533,34934533
6,35229375,35229375
6,35256508,35256508
6,35289267,35289267
6,36783938,36783938
6,38045609,38045609
6,38782463,38782463
6,39081848,39081848
6,39228252,39228252
6,39352224,39352224
6,39406323,39406323
6,39639357,39639357
6,39723443,39723443
6,40100840,40100840
6,40913274,40913274
6,41046220,41046220
6,41059009,41059009
6,41672049,41672049
6,41700456,41700456
6,42576745,42576745
6,42864721,42864721
6,43066115,43066115
6,43542622,43542622
6,43672786,43672786
6,43822009,43822009
6,44146181,44146181
6,44562827,44562827
6,44753072,44753072
6,45414080,45414080
6,45845695,45845695
6,46690635,46690635
6,47039739,47039739
6,47230813,47230813
6,47321335,47321335
6,47676693,47676693
6,47935898,47935898
6,48447572,48447572
6,48996799,48996799
6,50082278,50082278
6,50214326,50214326
6,50334721,50334721
6,50438306,50438306
6,50579828,50579828
6,50626077,50626077
6,50753361,50753361
6,50915834,50915834
6,50958509,50958509
6,51334267,51334267
6,52150712,52150712
6,52332873,52332873
6,52575815,52575815
6,52898493,52898493
6,53121642,53121642
6,53300868,53300868
6,53769575,53769575
6,54239541,54239541
6,54284021,54284021
6,54491720,54491720
6,54617052,54617052
6,55261016,55261016
6,56358702,56358702
6,56887944,56887944
6,56962774,56962774
6,57080055,57080055
6,58296509,58296509
6,61982958,61982958
6,62589171,62589171
6,62808433,62808433
6,63075931,63075931
6,63216766,63216766
6,63974777,63974777
6,64028863,64028863
6,64343624,64343624
6,64677030,64677030
6,64782224,64782224
6,65058086,65058086
6,65130007,65130007
6,65262551,65262551
6,65473026,65473026
6,65547115,65547115
6,66079810,66079810
6,66154530,66154530
6,66854548,66854548
6,66894197,66894197
6,66993329,66993329
6,67153914,67153914
6,67305222,67305222
6,67425154,67425154
6,67922290,67922290
6,68578935,68578935
6,68620284,68620284
6,68855595,68855595
6,68872924,68872924
6,69345984,69345984
6,69685872,69685872
6,69889612,69889612
6,70216302,70216302
6,70271064,70271064
6,70793046,70793046
6,70826171,70826171
6,70995215,70995215
6,71172532,71172532
6,71352337,71352337
6,71358459,71358459
6,71413342,71413342
6,71584137,71584137
6,71669436,71669436
6,72327845,72327845
6,72744390,72744390
6,72945346,72945346
6,73253600,73253600
6,73387291,73387291
6,73447036,73447036
6,73551585,73551585
6,73760784,73760784
6,74143073,74143073
6,74815263,74815263
6,75515652,75515652
6,75598336,75598336
6,76338557,76338557
6,76531014,76531014
6,76565777,76565777
6,77311176,77311176
6,77522058,77522058
6,77722817,77722817
6,78016410,78016410
6,78337178,78337178
6,79152144,79152144
6,79331258,79331258
6,79497132,79497132
6,79531917,79531917
6,79550041,79550041
6,79556288,79556288
6,79984989,79984989
6,80224047,80224047
6,80367958,80367958
6,80821091,80821091
6,80986926,80986926
6,81477712,81477712
6,81524664,81524664
6,81617935,81617935
6,81641060,81641060
6,81658758,81658758
6,82435603,82435603
6,83445671,83445671
6,83892066,83892066
6,84136241,84136241
6,84291132,84291132
6,85045299,85045299
6,85606301,85606301
6,86052074,86052074
6,86200648,86200648
6,86310607,86310607
6,86315945,86315945
6,87008093,87008093
6,87657773,87657773
6,87688912,87688912
6,87871652,87871652
6,87914915,87914915
6,88326576,88326576
6,88528231,88528231
6,88607996,88607996
6,88670827,88670827
6,88865364,88865364
6,89340667,89340667
6,90144347,90144347
6,90184053,90184053
6,90351726,90351726
6,90514297,90514297
6,91584204,91584204
6,92037519,92037519
6,92243600,92243600
6,92531591,92531591
6,92639391,92639391
6,93377033,93377033
6,93545507,93545507
6,93812967,93812967
6,95035285,95035285
6,95111781,95111781
6,95170569,95170569
6,95340153,95340153
6,95455879,95455879
6,96513456,96513456
6,96530172,96530172
6,96643893,96643893
6,96650420,96650420
6,96657914,96657914
6,97275076,97275076
6,98888641,98888641
6,99045549,99045549
6,99508058,99508058
6,99617055,99617055
6,99972001,99972001
6,100003678,100003678
6,100280626,100280626
6,100879302,100879302
6,100999209,100999209
6,101022589,101022589
6,101536484,101536484
6,102173889,102173889
6,103754229,103754229
6,103775209,103775209
6,103789818,103789818
6,104476071,104476071
6,105816307,105816307
6,106142381,106142381
6,106330130,106330130
6,106521973,106521973
6,106527148,106527148
6,106552843,106552843
6,106611390,106611390
6,106653967,106653967
6,107058365,107058365
6,107679477,107679477
6,107844747,107844747
6,108507237,108507237
6,108944666,108944666
6,109151007,109151007
6,109605952,109605952
6,109669021,109669021
6,110521595,110521595
6,110547358,110547358
6,111190015,111190015
6,111485354,111485354
6,111833091,111833091
6,111864479,111864479
6,112925923,112925923
6,113088976,113088976
6,113301830,113301830
6,113496886,113496886
6,113718818,113718818
6,113841136,113841136
6,114113076,114113076
6,115142717,115142717
6,115177514,115177514
6,115590821,115590821
6,115613131,115613131
6,115763288,115763288
6,116426123,116426123
6,116622716,116622716
6,116675022,116675022
6,117642405,117642405
6,117662645,117662645
6,117674164,117674164
6,117703421,117703421
6,117710736,117710736
6,117725512,117725512
6,117739629,117739629
6,117888108,117888108
6,117907112,117907112
6,118010930,118010930
6,118131446,118131446
6,118941957,118941957
6,118997334,118997334
6,119328299,119328299
6,119627675,119627675
6,119641704,119641704
6,119711071,119711071
6,119826252,119826252
6,120903537,120903537
6,120914535,120914535
6,120941728,120941728
6,121559205,121559205
6,121681101,121681101
6,121978483,121978483
6,122286680,122286680
6,122488912,122488912
6,123449273,123449273
6,124373577,124373577
6,125105025,125105025
6,125454382,125454382
6,125697997,125697997
6,125904145,125904145
6,126051508,126051508
6,126238909,126238909
6,126417029,126417029
6,126432407,126432407
6,126444223,126444223
6,126671785,126671785
6,126837622,126837622
6,126965663,126965663
6,127453733,127453733
6,127483198,127483198
6,127489667,127489667
6,128119723,128119723
6,128174021,128174021
6,128185536,128185536
6,128192821,128192821
6,128831289,128831289
6,129131624,129131624
6,129850097,129850097
6,129933169,129933169
6,129985333,129985333
6,129999270,129999270
6,130353347,130353347
6,131739610,131739610
6,131970579,131970579
6,132379032,132379032
6,132497755,132497755
6,132939641,132939641
6,133019013,133019013
6,133896884,133896884
6,134108599,134108599
6,134732315,134732315
6,134794443,134794443
6,134827704,134827704
6,135146631,135146631
6,135578166,135578166
6,135609287,135609287
6,135754163,135754163
6,135999229,135999229
6,136045327,136045327
6,136193193,136193193
6,136258025,136258025
6,136317825,136317825
6,136473941,136473941
6,136637358,136637358
6,136767063,136767063
6,137043755,137043755
6,137063119,137063119
6,137587067,137587067
6,138216484,138216484
6,138450180,138450180
6,138627454,138627454
6,138700216,138700216
6,138972178,138972178
6,139164145,139164145
6,139202213,139202213
6,139228226,139228226
6,139574640,139574640
6,139822540,139822540
6,139858318,139858318
6,140089730,140089730
6,140219040,140219040
6,140299791,140299791
6,140311703,140311703
6,140757720,140757720
6,140961253,140961253
6,141614352,141614352
6,141945430,141945430
6,142516896,142516896
6,143312786,143312786
6,143420674,143420674
6,143507467,143507467
6,143630649,143630649
6,143677307,143677307
6,143811572,143811572
6,144184231,144184231
6,144775034,144775034
6,144907117,144907117
6,145977398,145977398
6,146611975,146611975
6,146819865,146819865
6,147075892,147075892
6,147231070,147231070
6,147393098,147393098
6,148095887,148095887
6,148346116,148346116
6,148389208,148389208
6,148559732,148559732
6,148954738,148954738
6,149244962,149244962
6,149959453,149959453
6,150284694,150284694
6,150318757,150318757
6,150680785,150680785
6,150814380,150814380
6,151050103,151050103
6,152378517,152378517
6,152463423,152463423
6,152732508,152732508
6,152971465,152971465
6,153487773,153487773
6,154173533,154173533
6,154256045,154256045
6,154277642,154277642
6,154488311,154488311
6,154508786,154508786
6,154598243,154598243
6,154796885,154796885
6,154873876,154873876
6,154994000,154994000
6,155695786,155695786
6,156280455,156280455
6,156701400,156701400
6,156894950,156894950
6,158210069,158210069
6,158464637,158464637
6,158592427,158592427
6,159321692,159321692
6,159516833,159516833
6,159595236,159595236
6,160151746,160151746
6,160415220,160415220
6,160516246,160516246
6,161267169,161267169
6,161363450,161363450
6,161488595,161488595
6,161545541,161545541
6,161630592,161630592
6,161942446,161942446
6,162158507,162158507
6,162169398,162169398
6,162410676,162410676
6,162502353,162502353
6,162595975,162595975
6,162651572,162651572
6,162689754,162689754
6,163232381,163232381
6,163330750,163330750
6,163513552,163513552
6,163628357,163628357
6,163884167,163884167
6,164145345,164145345
6,164708276,164708276
6,164732907,164732907
6,164982118,164982118
6,165730517,165730517
6,166156570,166156570
6,166949632,166949632
6,167333442,167333442
6,167427018,167427018
6,167573562,167573562
6,167637646,167637646
6,167860588,167860588
6,168265403,168265403
6,168270698,168270698
6,168294579,168294579
6,168314771,168314771
6,168802675,168802675
6,170043569,170043569
6,170121068,170121068
6,170192555,170192555
6,170621141,170621141
6,170707282,170707282
6,170885459,170885459
7,300161,300161
7,619156,619156
7,859235,859235
7,1059230,1059230
7,1347883,1347883
7,1508329,1508329
7,2748231,2748231
7,2870691,2870691
7,2963881,2963881
7,3407400,3407400
7,3682179,3682179
7,3772888,3772888
7,3872131,3872131
7,4000927,4000927
7,5092855,5092855
7,6035258,6035258
7,6055910,6055910
7,6282287,6282287
7,6441498,6441498
7,7306493,7306493
7,8043922,8043922
7,8328616,8328616
7,8438420,8438420
7,8622324,8622324
7,8712521,8712521
7,8894721,8894721
7,9717954,9717954
7,10136612,10136612
7,10205224,10205224
7,10686542,10686542
7,10728014,10728014
7,10752603,10752603
7,10805542,10805542
7,11200269,11200269
7,11962307,11962307
7,12244917,12244917
7,12364292,12364292
7,13692577,13692577
7,13931339,13931339
7,13940451,13940451
7,13949290,13949290
7,14025140,14025140
7,14549699,14549699
7,14761537,14761537
7,14816258,14816258
7,16572995,16572995
7,17028083,17028083
7,17100031,17100031
7,17420597,17420597
7,17476688,17476688
7,19372620,19372620
7,19815583,19815583
7,19850621,19850621
7,20416851,20416851
7,20786780,20786780
7,21243918,21243918
7,21669454,21669454
7,22055161,22055161
7,23139282,23139282
7,23519428,23519428
7,24406418,24406418
7,24637231,24637231
7,25035381,25035381
7,25307567,25307567
7,25615943,25615943
7,25797380,25797380
7,26235472,26235472
7,26315398,26315398
7,26386302,26386302
7,26525134,26525134
7,26837680,26837680
7,27202744,27202744
7,27221020,27221020
7,27358467,27358467
7,27445420,27445420
7,27711792,27711792
7,27871569,27871569
7,28556713,28556713
7,28759146,28759146
7,28798017,28798017
7,28905282,28905282
7,28932593,28932593
7,29057994,29057994
7,29631819,29631819
7,29836092,29836092
7,30099547,30099547
7,30413806,30413806
7,30436831,30436831
7,30955757,30955757
7,31316318,31316318
7,31358787,31358787
7,31440801,31440801
7,32149899,32149899
7,32356671,32356671
7,32455273,32455273
7,33701869,33701869
7,33825287,33825287
7,33975368,33975368
7,34540817,34540817
7,34738069,34738069
7,34787764,34787764
7,34835191,34835191
7,35012967,35012967
7,36084009,36084009
7,36990447,36990447
7,37081134,37081134
7,37828631,37828631
7,38162369,38162369
7,38283279,38283279
7,38447544,38447544
7,38472550,38472550
7,38685061,38685061
7,38888372,38888372
7,38971712,38971712
7,39037702,39037702
7,39438371,39438371
7,40106501,40106501
7,40201252,40201252
7,41203882,41203882
7,41419177,41419177
7,41586203,41586203
7,42285359,42285359
7,42902260,42902260
7,43977327,43977327
7,44281701,44281701
7,44428072,44428072
7,44995844,44995844
7,45089076,45089076
7,45246478,45246478
7,46402643,46402643
7,46706234,46706234
7,47389576,47389576
7,48199510,48199510
7,48490133,48490133
7,48825568,48825568
7,49204028,49204028
7,49392139,49392139
7,49502124,49502124
7,49507900,49507900
7,49577724,49577724
7,50004186,50004186
7,50754518,50754518
7,51536413,51536413
7,52347392,52347392
7,52503302,52503302
7,52831471,52831471
7,53783075,53783075
7,54130453,54130453
7,54215629,54215629
7,54426097,54426097
7,54518797,54518797
7,54775262,54775262
7,55142523,55142523
7,55233079,55233079
7,55489620,55489620
7,57416796,57416796
7,57441824,57441824
7,62632592,62632592
7,62677601,62677601
7,62842204,62842204
7,63551012,63551012
7,64036936,64036936
7,65777164,65777164
7,65962534,65962534
7,66256205,66256205
7,66530257,66530257
7,67098213,67098213
7,67160964,67160964
7,67193719,67193719
7,68313265,68313265
7,68963610,68963610
7,69153217,69153217
7,69659116,69659116
7,70712899,70712899
7,71758040,71758040
7,71843505,71843505
7,71989198,71989198
7,73275016,73275016
7,73385116,73385116
7,73511670,73511670
7,73823756,73823756
7,75177081,75177081
7,75203200,75203200
7,75549915,75549915
7,75571383,75571383
7,75849765,75849765
7,76843269,76843269
7,76914902,76914902
7,77056963,77056963
7,77512552,77512552
7,77726825,77726825
7,78210118,78210118
7,78567514,78567514
7,78677174,78677174
7,79429485,79429485
7,79559470,79559470
7,79598919,79598919
7,79748989,79748989
7,79933486,79933486
7,80306640,80306640
7,80435528,80435528
7,80586731,80586731
7,80638877,80638877
7,80903464,80903464
7,81327245,81327245
7,81487783,81487783
7,81820447,81820447
7,82128687,82128687
7,82188558,82188558
7,82724903,82724903
7,82749512,82749512
7,82757737,82757737
7,82908864,82908864
7,83010104,83010104
7,83597592,83597592
7,83869781,83869781
7,83936791,83936791
7,83990560,83990560
7,84161597,84161597
7,84221758,84221758
7,84485686,84485686
7,85902402,85902402
7,85960858,85960858
7,86577687,86577687
7,87338202,87338202
7,87457964,87457964
7,88077066,88077066
7,88366408,88366408
7,89682780,89682780
7,89716887,89716887
7,90512968,90512968
7,90818989,90818989
7,90989731,90989731
7,91368469,91368469
7,91631542,91631542
7,91646332,91646332
7,91659248,91659248
7,91670808,91670808
7,91682262,91682262
7,91690721,91690721
7,91724336,91724336
7,91737818,91737818
7,92263852,92263852
7,92300763,92300763
7,92360888,92360888
7,92439622,92439622
7,92959130,92959130
7,93307313,93307313
7,94514025,94514025
7,94625856,94625856
7,94770748,94770748
7,95434729,95434729
7,95592076,95592076
7,95712050,95712050
7,96094504,96094504
7,96726226,96726226
7,96917189,96917189
7,96996144,96996144
7,97239622,97239622
7,97709937,97709937
7,98115907,98115907
7,98580333,98580333
7,98829510,98829510
7,99313107,99313107
7,99980679,99980679
7,100360698,100360698
7,100406025,100406025
7,100895298,100895298
7,101218876,101218876
7,102777587,102777587
7,102802172,102802172
7,104088862,104088862
7,104600015,104600015
7,104614152,104614152
7,104754304,104754304
7,104854437,104854437
7,105814531,105814531
7,106160334,106160334
7,106926112,106926112
7,107237556,107237556
7,107316561,107316561
7,107403334,107403334
7,108294538,108294538
7,108330056,108330056
7,108797149,108797149
7,109020923,109020923
7,109557596,109557596
7,109637764,109637764
7,110929490,110929490
7,111295510,111295510
7,111445543,111445543
7,111541943,111541943
7,111683820,111683820
7,111810700,111810700
7,112220597,112220597
7,112600643,112600643
7,112649226,112649226
7,112980083,112980083
7,113216914,113216914
7,113247186,113247186
7,113309154,113309154
7,113612370,113612370
7,113762933,113762933
7,114232066,114232066
7,114391946,114391946
7,114458857,114458857
7,114478705,114478705
7,114785297,114785297
7,115229727,115229727
7,115860477,115860477
7,115963194,115963194
7,116219591,116219591
7,116380004,116380004
7,117146543,117146543
7,117185632,117185632
7,117304918,117304918
7,117659336,117659336
7,117772641,117772641
7,118054147,118054147
7,118505379,118505379
7,118670187,118670187
7,118678802,118678802
7,118839124,118839124
7,118862834,118862834
7,119359643,119359643
7,119405945,119405945
7,120154459,120154459
7,120207140,120207140
7,120280441,120280441
7,120308882,120308882
7,120408132,120408132
7,120566422,120566422
7,120611445,120611445
7,120974632,120974632
7,121122327,121122327
7,121179416,121179416
7,121230725,121230725
7,121875148,121875148
7,122070644,122070644
7,122127988,122127988
7,122342963,122342963
7,122522885,122522885
7,122533630,122533630
7,123516056,123516056
7,123795920,123795920
7,123953236,123953236
7,124222719,124222719
7,124503408,124503408
7,125763688,125763688
7,126014554,126014554
7,126310267,126310267
7,126859481,126859481
7,126930122,126930122
7,127120721,127120721
7,127389058,127389058
7,127951913,127951913
7,128667237,128667237
7,128767079,128767079
7,128793766,128793766
7,128910676,128910676
7,129623863,129623863
7,129923472,129923472
7,130045250,130045250
7,130061565,130061565
7,130110952,130110952
7,130307648,130307648
7,130912525,130912525
7,131113180,131113180
7,131554001,131554001
7,131828659,131828659
7,131924354,131924354
7,132008009,132008009
7,132115880,132115880
7,132136241,132136241
7,132169604,132169604
7,132564621,132564621
7,132572698,132572698
7,133067984,133067984
7,133078742,133078742
7,133121119,133121119
7,133249316,133249316
7,133285618,133285618
7,133553708,133553708
7,133988295,133988295
7,136256008,136256008
7,136899753,136899753
7,136947621,136947621
7,137378626,137378626
7,137458727,137458727
7,137567282,137567282
7,137593139,137593139
7,137686732,137686732
7,138536988,138536988
7,138564356,138564356
7,139109218,139109218
7,139216525,139216525
7,139443799,139443799
7,139557817,139557817
7,139730579,139730579
7,139949893,139949893
7,139972964,139972964
7,140226526,140226526
7,140453182,140453182
7,140477815,140477815
7,140501291,140501291
7,140507759,140507759
7,140549972,140549972
7,140609242,140609242
7,140775467,140775467
7,140804865,140804865
7,140878945,140878945
7,140912031,140912031
7,140935984,140935984
7,141085336,141085336
7,141382961,141382961
7,141849796,141849796
7,141861483,141861483
7,142384255,142384255
7,142577955,142577955
7,142753628,142753628
7,142809490,142809490
7,143593974,143593974
7,143668150,143668150
7,143751679,143751679
7,143845847,143845847
7,144076286,144076286
7,144326451,144326451
7,144907297,144907297
7,145531857,145531857
7,146128080,146128080
7,146144839,146144839
7,146181774,146181774
7,146204060,146204060
7,146506249,146506249
7,146891037,146891037
7,147103424,147103424
7,147170141,147170141
7,147895077,147895077
7,148523587,148523587
7,148534071,148534071
7,148544310,148544310
7,148667498,148667498
7,148989182,148989182
7,149052449,149052449
7,149088529,149088529
7,150018667,150018667
7,150165854,150165854
7,150534647,150534647
7,150927880,150927880
7,151147205,151147205
7,151593470,151593470
7,151832013,151832013
7,151842296,151842296
7,151856023,151856023
7,151868348,151868348
7,151878632,151878632
7,151884860,151884860
7,151891568,151891568
7,151900107,151900107
7,151960100,151960100
7,152007068,152007068
7,152012334,152012334
7,152720605,152720605
7,153029329,153029329
7,153120364,153120364
7,153337294,153337294
7,153469081,153469081
7,153873236,153873236
7,154248496,154248496
7,154735632,154735632
7,155501284,155501284
7,156057180,156057180
7,156261092,156261092
7,156563613,156563613
7,156581217,156581217
7,156763913,156763913
7,157093611,157093611
7,157664290,157664290
7,158273770,158273770
7,158552073,158552073
7,158568810,158568810
8,952542,952542
8,1249236,1249236
8,1795907,1795907
8,2133308,2133308
8,2433333,2433333
8,2508351,2508351
8,2674238,2674238
8,2769968,2769968
8,2810579,2810579
8,3206765,3206765
8,3375637,3375637
8,3702540,3702540
8,4122431,4122431
8,5164851,5164851
8,5447265,5447265
8,5554397,5554397
8,5894048,5894048
8,8398106,8398106
8,8408785,8408785
8,9005321,9005321
8,9141163,9141163
8,9606133,9606133
8,10027336,10027336
8,10094400,10094400
8,10510316,10510316
8,10530664,10530664
8,10566215,10566215
8,10773677,10773677
8,11338983,11338983
8,11355902,11355902
8,12496515,12496515
8,12760303,12760303
8,13372082,13372082
8,13496156,13496156
8,14379079,14379079
8,15313216,15313216
8,15821414,15821414
8,16469973,16469973
8,16662505,16662505
8,16686317,16686317
8,16757578,16757578
8,16989895,16989895
8,17589332,17589332
8,17781012,17781012
8,17797629,17797629
8,17813020,17813020
8,17823572,17823572
8,17883082,17883082
8,19060545,19060545
8,19505768,19505768
8,19668973,19668973
8,19838753,19838753
8,19973278,19973278
8,20069497,20069497
8,20352672,20352672
8,20779251,20779251
8,21003387,21003387
8,21030554,21030554
8,21465101,21465101
8,22429471,22429471
8,22677457,22677457
8,23123420,23123420
8,23464411,23464411
8,23637304,23637304
8,23710965,23710965
8,24173190,24173190
8,25221530,25221530
8,26885804,26885804
8,28410239,28410239
8,28415347,28415347
8,28618273,28618273
8,29183286,29183286
8,29937827,29937827
8,30665762,30665762
8,30915986,30915986
8,30938705,30938705
8,30989984,30989984
8,31001100,31001100
8,31390790,31390790
8,31769262,31769262
8,31962374,31962374
8,31977785,31977785
8,32411361,32411361
8,32642354,32642354
8,32788217,32788217
8,32795004,32795004
8,33067553,33067553
8,33098472,33098472
8,33139049,33139049
8,33219289,33219289
8,34542796,34542796
8,35171252,35171252
8,35313511,35313511
8,35465853,35465853
8,35526892,35526892
8,35548504,35548504
8,35636396,35636396
8,35838186,35838186
8,36177164,36177164
8,36322221,36322221
8,36932464,36932464
8,37355681,37355681
8,37568025,37568025
8,37604121,37604121
8,38148122,38148122
8,38173028,38173028
8,38269308,38269308
8,38297872,38297872
8,38315012,38315012
8,39528980,39528980
8,40837890,40837890
8,41491737,41491737
8,41613318,41613318
8,41658648,41658648
8,41743115,41743115
8,41839841,41839841
8,41889967,41889967
8,42203218,42203218
8,42805550,42805550
8,42815388,42815388
8,42834458,42834458
8,42853098,42853098
8,42860220,42860220
8,43375298,43375298
8,48146004,48146004
8,48509645,48509645
8,50425952,50425952
8,50486428,50486428
8,50573320,50573320
8,50933903,50933903
8,51028249,51028249
8,51306585,51306585
8,51425365,51425365
8,51884063,51884063
8,51912328,51912328
8,51940009,51940009
8,51987596,51987596
8,53365955,53365955
8,53647659,53647659
8,53972545,53972545
8,54108867,54108867
8,54452170,54452170
8,54891230,54891230
8,55024852,55024852
8,55301010,55301010
8,55400107,55400107
8,55671982,55671982
8,55677804,55677804
8,56495164,56495164
8,56633284,56633284
8,56671189,56671189
8,57614258,57614258
8,58552549,58552549
8,58671167,58671167
8,58748881,58748881
8,58823982,58823982
8,59646729,59646729
8,59711214,59711214
8,60295409,60295409
8,60590343,60590343
8,60766780,60766780
8,60878917,60878917
8,61148259,61148259
8,61425864,61425864
8,63039447,63039447
8,63112644,63112644
8,63250571,63250571
8,63333081,63333081
8,63471376,63471376
8,63498013,63498013
8,64250604,64250604
8,64473555,64473555
8,64569302,64569302
8,65732948,65732948
8,65757057,65757057
8,66596549,66596549
8,67184893,67184893
8,67374642,67374642
8,67946870,67946870
8,68032256,68032256
8,68094241,68094241
8,68273011,68273011
8,68516877,68516877
8,68679050,68679050
8,69013063,69013063
8,69030615,69030615
8,69159905,69159905
8,69259035,69259035
8,70134067,70134067
8,70228316,70228316
8,70250178,70250178
8,71056967,71056967
8,71115086,71115086
8,71343955,71343955
8,71533574,71533574
8,71980545,71980545
8,72423526,72423526
8,72810662,72810662
8,72876917,72876917
8,73145445,73145445
8,74536195,74536195
8,74802612,74802612
8,75504313,75504313
8,75572791,75572791
8,76155123,76155123
8,76155145,76155145
8,76987124,76987124
8,77054568,77054568
8,77135371,77135371
8,77170131,77170131
8,77657143,77657143
8,78229285,78229285
8,78282143,78282143
8,78407804,78407804
8,78663376,78663376
8,79315388,79315388
8,79403348,79403348
8,79546711,79546711
8,80009392,80009392
8,80089978,80089978
8,80224475,80224475
8,80249263,80249263
8,80652403,80652403
8,80783734,80783734
8,81009803,81009803
8,81629520,81629520
8,82219871,82219871
8,83507945,83507945
8,83712840,83712840
8,84008280,84008280
8,84173049,84173049
8,84306235,84306235
8,85415483,85415483
8,85852563,85852563
8,86077332,86077332
8,86245038,86245038
8,86469265,86469265
8,86523462,86523462
8,86897478,86897478
8,87552198,87552198
8,87986968,87986968
8,88172645,88172645
8,88255182,88255182
8,88294812,88294812
8,88358679,88358679
8,88630869,88630869
8,89419790,89419790
8,89501035,89501035
8,90530977,90530977
8,90563748,90563748
8,90760483,90760483
8,90877660,90877660
8,91073372,91073372
8,91446834,91446834
8,91610517,91610517
8,92151458,92151458
8,92202256,92202256
8,92263564,92263564
8,92451205,92451205
8,92532278,92532278
8,92580392,92580392
8,92612773,92612773
8,92761175,92761175
8,92774766,92774766
8,93047964,93047964
8,93362244,93362244
8,93405455,93405455
8,93599815,93599815
8,94400439,94400439
8,94427568,94427568
8,94959999,94959999
8,95012566,95012566
8,95025583,95025583
8,95164933,95164933
8,95220411,95220411
8,96144428,96144428
8,96244116,96244116
8,96456710,96456710
8,96575995,96575995
8,96674584,96674584
8,96796617,96796617
8,96935283,96935283
8,96951840,96951840
8,97297707,97297707
8,97796910,97796910
8,97887806,97887806
8,99323376,99323376
8,99736202,99736202
8,99975788,99975788
8,100467264,100467264
8,100725230,100725230
8,101597824,101597824
8,101981970,101981970
8,102241640,102241640
8,102270463,102270463
8,102519938,102519938
8,102655259,102655259
8,102818885,102818885
8,102972085,102972085
8,102972105,102972105
8,102972114,102972114
8,103061425,103061425
8,103080543,103080543
8,103124086,103124086
8,103612554,103612554
8,103652656,103652656
8,103818770,103818770
8,104067834,104067834
8,104523774,104523774
8,104934025,104934025
8,105127411,105127411
8,105201534,105201534
8,106139433,106139433
8,106161379,106161379
8,106240470,106240470
8,106248215,106248215
8,106585233,106585233
8,107513453,107513453
8,107663118,107663118
8,108547515,108547515
8,108730330,108730330
8,108833028,108833028
8,109270449,109270449
8,109508398,109508398
8,110110784,110110784
8,110227625,110227625
8,110413185,110413185
8,110441295,110441295
8,110456725,110456725
8,110596019,110596019
8,111072104,111072104
8,111146430,111146430
8,111286121,111286121
8,111689616,111689616
8,111958095,111958095
8,111993536,111993536
8,112479193,112479193
8,112601055,112601055
8,112780330,112780330
8,112823054,112823054
8,113430661,113430661
8,113580057,113580057
8,113918437,113918437
8,113945879,113945879
8,114198694,114198694
8,114369341,114369341
8,114435415,114435415
8,114511514,114511514
8,114632331,114632331
8,114704694,114704694
8,114728447,114728447
8,114818905,114818905
8,114971202,114971202
8,115152430,115152430
8,115630300,115630300
8,115876780,115876780
8,115921320,115921320
8,116522208,116522208
8,116558499,116558499
8,116819540,116819540
8,117156161,117156161
8,117491726,117491726
8,117717060,117717060
8,118326880,118326880
8,118811660,118811660
8,118834818,118834818
8,118953940,118953940
8,119199638,119199638
8,119301783,119301783
8,119488651,119488651
8,119572467,119572467
8,120455874,120455874
8,120826103,120826103
8,120972697,120972697
8,121010224,121010224
8,121049621,121049621
8,121721566,121721566
8,121890521,121890521
8,122912822,122912822
8,122946913,122946913
8,123211200,123211200
8,123747536,123747536
8,124542832,124542832
8,124564355,124564355
8,124662481,124662481
8,125056345,125056345
8,125235035,125235035
8,125235037,125235037
8,125718152,125718152
8,126027786,126027786
8,126178996,126178996
8,126826371,126826371
8,126976225,126976225
8,127113197,127113197
8,127125820,127125820
8,127385666,127385666
8,127779129,127779129
8,127786542,127786542
8,128285862,128285862
8,128454598,128454598
8,128530216,128530216
8,128673858,128673858
8,128808186,128808186
8,128988770,128988770
8,129635196,129635196
8,130016957,130016957
8,130031820,130031820
8,130438580,130438580
8,130819323,130819323
8,130955223,130955223
8,131140010,131140010
8,131179656,131179656
8,131454525,131454525
8,131488261,131488261
8,131950808,131950808
8,131982202,131982202
8,131988224,131988224
8,132157829,132157829
8,132226359,132226359
8,132298184,132298184
8,132432182,132432182
8,133026384,133026384
8,133084241,133084241
8,133551835,133551835
8,133827360,133827360
8,134179596,134179596
8,134483709,134483709
8,134720159,134720159
8,134786623,134786623
8,135008072,135008072
8,135186375,135186375
8,135297938,135297938
8,135480110,135480110
8,135582730,135582730
8,135861338,135861338
8,136196058,136196058
8,136467215,136467215
8,138754420,138754420
8,138794311,138794311
8,138926849,138926849
8,140143759,140143759
8,140401881,140401881
8,140688259,140688259
8,140731647,140731647
8,141140593,141140593
8,144207335,144207335
8,145004546,145004546
8,145179228,145179228
8,145683810,145683810
9,960548,960548
9,1144255,1144255
9,1278751,1278751
9,1567925,1567925
9,2578892,2578892
9,3016449,3016449
9,3502048,3502048
9,3502057,3502057
9,4640899,4640899
9,5022458,5022458
9,5047386,5047386
9,5064886,5064886
9,5090528,5090528
9,5120493,5120493
9,5127803,5127803
9,5912346,5912346
9,5974125,5974125
9,6111234,6111234
9,6192247,6192247
9,6209549,6209549
9,6265097,6265097
9,6797699,6797699
9,7620879,7620879
9,8032175,8032175
9,8225201,8225201
9,8545263,8545263
9,8688805,8688805
9,8769404,8769404
9,9533691,9533691
9,9903241,9903241
9,10043439,10043439
9,10101127,10101127
9,10151991,10151991
9,10286592,10286592
9,10825917,10825917
9,10875223,10875223
9,11851041,11851041
9,12121648,12121648
9,12424268,12424268
9,12778137,12778137
9,13175907,13175907
9,13484344,13484344
9,13564652,13564652
9,13624874,13624874
9,13813546,13813546
9,14042121,14042121
9,14179762,14179762
9,14338937,14338937
9,14384548,14384548
9,15823312,15823312
9,16894039,16894039
9,18444015,18444015
9,19607918,19607918
9,20024660,20024660
9,20094541,20094541
9,20176708,20176708
9,20456716,20456716
9,20585854,20585854
9,20960013,20960013
9,21010851,21010851
9,21085244,21085244
9,21099014,21099014
9,21337189,21337189
9,21764608,21764608
9,21809196,21809196
9,21986882,21986882
9,22604435,22604435
9,22986710,22986710
9,22995079,22995079
9,23228991,23228991
9,23725170,23725170
9,24030840,24030840
9,24053905,24053905
9,24402727,24402727
9,24880417,24880417
9,25060540,25060540
9,25367109,25367109
9,25374630,25374630
9,26243772,26243772
9,27381894,27381894
9,27739743,27739743
9,27765640,27765640
9,28144561,28144561
9,28506830,28506830
9,28599307,28599307
9,28726934,28726934
9,28872067,28872067
9,29287109,29287109
9,29540261,29540261
9,29575464,29575464
9,29840849,29840849
9,29995592,29995592
9,30075553,30075553
9,30147707,30147707
9,30674724,30674724
9,31361687,31361687
9,31490574,31490574
9,31649705,31649705
9,32134822,32134822
9,32336301,32336301
9,32355724,32355724
9,32673803,32673803
9,32980677,32980677
9,33261288,33261288
9,33443767,33443767
9,33464008,33464008
9,33503602,33503602
9,33693893,33693893
9,33871840,33871840
9,34383699,34383699
9,34922290,34922290
9,34962524,34962524
9,35074120,35074120
9,35154548,35154548
9,35264863,35264863
9,35539642,35539642
9,35708624,35708624
9,36353548,36353548
9,36839835,36839835
9,37015166,37015166
9,37291871,37291871
9,37710211,37710211
9,43627253,43627253
9,68192897,68192897
9,71372013,71372013
9,71757866,71757866
9,72292079,72292079
9,73789777,73789777
9,74517715,74517715
9,74808747,74808747
9,74839416,74839416
9,75173505,75173505
9,75348625,75348625
9,76021158,76021158
9,76503308,76503308
9,76790443,76790443
9,77158051,77158051
9,77336960,77336960
9,77483490,77483490
9,77891081,77891081
9,77989757,77989757
9,78693458,78693458
9,78890195,78890195
9,78975082,78975082
9,78985521,78985521
9,79020090,79020090
9,79685380,79685380
9,80214662,80214662
9,80352371,80352371
9,80526977,80526977
9,80884837,80884837
9,81123883,81123883
9,81227092,81227092
9,81700371,81700371
9,81724564,81724564
9,81765081,81765081
9,82292283,82292283
9,83099959,83099959
9,83240093,83240093
9,83558796,83558796
9,83825485,83825485
9,84874918,84874918
9,84880766,84880766
9,84948501,84948501
9,85357238,85357238
9,85776314,85776314
9,85800537,85800537
9,86518657,86518657
9,86608063,86608063
9,87093780,87093780
9,87501696,87501696
9,87591937,87591937
9,87699879,87699879
9,87834695,87834695
9,88110839,88110839
9,88391728,88391728
9,88588930,88588930
9,88687231,88687231
9,89048599,89048599
9,89326740,89326740
9,89391085,89391085
9,89609489,89609489
9,90404052,90404052
9,90481043,90481043
9,90895081,90895081
9,91837465,91837465
9,92047182,92047182
9,92828757,92828757
9,92966583,92966583
9,93564285,93564285
9,94125430,94125430
9,95179697,95179697
9,96089118,96089118
9,96199696,96199696
9,96209917,96209917
9,96409112,96409112
9,96596901,96596901
9,96802651,96802651
9,96956474,96956474
9,96999321,96999321
9,97586893,97586893
9,97887398,97887398
9,98617537,98617537
9,98797126,98797126
9,99491020,99491020
9,100249565,100249565
9,100444673,100444673
9,100456023,100456023
9,100564361,100564361
9,100669323,100669323
9,100829548,100829548
9,100998944,100998944
9,101106727,101106727
9,101152855,101152855
9,101436119,101436119
9,101622594,101622594
9,102606968,102606968
9,102696790,102696790
9,102961656,102961656
9,103042812,103042812
9,103267551,103267551
9,103304398,103304398
9,103928942,103928942
9,103976403,103976403
9,104763816,104763816
9,104823408,104823408
9,104965058,104965058
9,104977616,104977616
9,105234024,105234024
9,105419662,105419662
9,105661577,105661577
9,105853999,105853999
9,105899577,105899577
9,106484444,106484444
9,106609302,106609302
9,107182185,107182185
9,107892955,107892955
9,108017656,108017656
9,108611436,108611436
9,108621615,108621615
9,108678464,108678464
9,108817280,108817280
9,109326417,109326417
9,109337902,109337902
9,109373803,109373803
9,109743759,109743759
9,109830999,109830999
9,110384085,110384085
9,110622658,110622658
9,111034597,111034597
9,111819333,111819333
9,112315961,112315961
9,112621528,112621528
9,113509952,113509952
9,114958645,114958645
9,115035342,115035342
9,115291302,115291302
9,115797593,115797593
9,117170956,117170956
9,118220878,118220878
9,118407850,118407850
9,118539083,118539083
9,119506661,119506661
9,119553751,119553751
9,119788716,119788716
9,119969383,119969383
9,120538825,120538825
9,120674000,120674000
9,120807009,120807009
9,121360564,121360564
9,121701527,121701527
9,121753121,121753121
9,121821246,121821246
9,121871539,121871539
9,122358936,122358936
9,122416483,122416483
9,122648015,122648015
9,122832853,122832853
9,122993985,122993985
9,123975028,123975028
9,124743138,124743138
9,124777470,124777470
9,125141445,125141445
9,126003202,126003202
9,126237718,126237718
9,126566382,126566382
9,126625198,126625198
9,126872934,126872934
9,127340480,127340480
9,127609302,127609302
9,127705441,127705441
9,127758178,127758178
9,127798366,127798366
9,128318565,128318565
9,128391792,128391792
9,128692837,128692837
9,129205888,129205888
9,129767156,129767156
9,130503397,130503397
9,130935312,130935312
9,131242711,131242711
9,131349735,131349735
9,131815955,131815955
9,132658218,132658218
9,132681448,132681448
9,133732738,133732738
9,133755519,133755519
9,134039477,134039477
9,134065809,134065809
9,134503930,134503930
9,134940515,134940515
9,135698650,135698650
9,136006347,136006347
9,136036901,136036901
9,136916684,136916684
9,137179878,137179878
9,137257331,137257331
9,137733973,137733973
9,137911816,137911816
9,138079709,138079709
9,139530465,139530465
9,139757941,139757941
9,140307336,140307336
9,140891254,140891254
GL000192.1,479530,479530
GL000193.1,2971,2971
GL000193.1,2994,2994
GL000205.1,117243,117243
GL000220.1,2074,2074
X,4475895,4475895
X,4831291,4831291
X,4853460,4853460
X,4882085,4882085
X,4990608,4990608
X,5121592,5121592
X,5168002,5168002
X,5226486,5226486
X,5642893,5642893
X,5673593,5673593
X,5827922,5827922
X,5920824,5920824
X,6019597,6019597
X,6096122,6096122
X,6198444,6198444
X,6705234,6705234
X,6750194,6750194
X,6864608,6864608
X,7332716,7332716
X,8004651,8004651
X,8273477,8273477
X,8330933,8330933
X,9639726,9639726
X,9851914,9851914
X,10319896,10319896
X,10434023,10434023
X,10561514,10561514
X,10938637,10938637
X,11388549,11388549
X,11525870,11525870
X,12016669,12016669
X,12219992,12219992
X,12648335,12648335
X,12776079,12776079
X,13029600,13029600
X,13278036,13278036
X,13600835,13600835
X,13780367,13780367
X,14119477,14119477
X,14449574,14449574
X,14853253,14853253
X,15029034,15029034
X,15156864,15156864
X,15447868,15447868
X,15629187,15629187
X,15772966,15772966
X,15822248,15822248
X,15836729,15836729
X,16800738,16800738
X,16886853,16886853
X,17290749,17290749
X,17378773,17378773
X,17970705,17970705
X,18774935,18774935
X,19222413,19222413
X,19341168,19341168
X,20085504,20085504
X,20539001,20539001
X,20729808,20729808
X,20751083,20751083
X,21218686,21218686
X,21218693,21218693
X,21871874,21871874
X,21926842,21926842
X,22720282,22720282
X,22793673,22793673
X,23120036,23120036
X,24190804,24190804
X,24668988,24668988
X,24803207,24803207
X,25064483,25064483
X,25101874,25101874
X,25259870,25259870
X,25486231,25486231
X,26941303,26941303
X,28024042,28024042
X,28344852,28344852
X,28367005,28367005
X,28641145,28641145
X,29380808,29380808
X,29806142,29806142
X,29828089,29828089
X,29929047,29929047
X,30301358,30301358
X,30339137,30339137
X,30351719,30351719
X,30372658,30372658
X,30841704,30841704
X,31009119,31009119
X,31023661,31023661
X,31766200,31766200
X,31781120,31781120
X,32205884,32205884
X,32376191,32376191
X,32921561,32921561
X,33457868,33457868
X,33495671,33495671
X,33666777,33666777
X,34054399,34054399
X,34169503,34169503
X,34285154,34285154
X,34559793,34559793
X,34877089,34877089
X,34987414,34987414
X,35130134,35130134
X,35223010,35223010
X,35267523,35267523
X,35467332,35467332
X,35821493,35821493
X,36001368,36001368
X,36215453,36215453
X,36257017,36257017
X,36312894,36312894
X,36472483,36472483
X,36594747,36594747
X,36940597,36940597
X,38254869,38254869
X,39207389,39207389
X,39811620,39811620
X,39930905,39930905
X,40098962,40098962
X,40225750,40225750
X,40228447,40228447
X,40303715,40303715
X,40466726,40466726
X,40557333,40557333
X,40564152,40564152
X,40625856,40625856
X,40659281,40659281
X,41523894,41523894
X,41542042,41542042
X,41891486,41891486
X,42355254,42355254
X,42508724,42508724
X,42612601,42612601
X,42801122,42801122
X,42837482,42837482
X,42947003,42947003
X,43336073,43336073
X,43593222,43593222
X,43750588,43750588
X,44045121,44045121
X,44068861,44068861
X,44584698,44584698
X,44879970,44879970
X,44937659,44937659
X,44942800,44942800
X,45310271,45310271
X,46058501,46058501
X,47429295,47429295
X,47797156,47797156
X,48891286,48891286
X,49447179,49447179
X,50247377,50247377
X,50926956,50926956
X,51156772,51156772
X,53071667,53071667
X,53773566,53773566
X,53975528,53975528
X,54765973,54765973
X,54773111,54773111
X,55131254,55131254
X,55196860,55196860
X,55449223,55449223
X,55740547,55740547
X,55804590,55804590
X,56127607,56127607
X,56193930,56193930
X,56236370,56236370
X,56305322,56305322
X,56382509,56382509
X,56977190,56977190
X,57503601,57503601
X,57547327,57547327
X,58152953,58152953
X,62050080,62050080
X,62312305,62312305
X,62334474,62334474
X,62782037,62782037
X,63954623,63954623
X,64040732,64040732
X,64242995,64242995
X,64639370,64639370
X,65003995,65003995
X,65249677,65249677
X,65300966,65300966
X,65750892,65750892
X,65875669,65875669
X,66056021,66056021
X,66559792,66559792
X,66772588,66772588
X,67237626,67237626
X,68619312,68619312
X,68847941,68847941
X,69840854,69840854
X,70142623,70142623
X,71374476,71374476
X,71428764,71428764
X,71809452,71809452
X,71864502,71864502
X,73656419,73656419
X,73864543,73864543
X,74725477,74725477
X,75243472,75243472
X,75577776,75577776
X,75998427,75998427
X,76005341,76005341
X,76077696,76077696
X,76813027,76813027
X,76829820,76829820
X,76845313,76845313
X,76854940,76854940
X,76872185,76872185
X,76889072,76889072
X,76912104,76912104
X,76946355,76946355
X,76972664,76972664
X,77749546,77749546
X,78453063,78453063
X,78486894,78486894
X,78517151,78517151
X,78994819,78994819
X,79058756,79058756
X,79340407,79340407
X,79357811,79357811
X,79676638,79676638
X,80013374,80013374
X,80124375,80124375
X,80276905,80276905
X,80456997,80456997
X,80854690,80854690
X,81169614,81169614
X,81250592,81250592
X,81267983,81267983
X,82128219,82128219
X,82632971,82632971
X,82703847,82703847
X,82774855,82774855
X,82890694,82890694
X,83135020,83135020
X,83428741,83428741
X,83562077,83562077
X,83681801,83681801
X,83718017,83718017
X,83724382,83724382
X,84262276,84262276
X,84530286,84530286
X,84558979,84558979
X,84670401,84670401
X,84670414,84670414
X,85219461,85219461
X,86415277,86415277
X,86538329,86538329
X,86889805,86889805
X,86901501,86901501
X,86910318,86910318
X,87659526,87659526
X,88083248,88083248
X,88111246,88111246
X,88181158,88181158
X,88255085,88255085
X,88449373,88449373
X,89936036,89936036
X,90021203,90021203
X,90290812,90290812
X,90606304,90606304
X,91444317,91444317
X,91606947,91606947
X,92257652,92257652
X,92931499,92931499
X,93174404,93174404
X,94522828,94522828
X,94529083,94529083
X,94954074,94954074
X,95171324,95171324
X,95624638,95624638
X,95731691,95731691
X,96789623,96789623
X,97070457,97070457
X,97085946,97085946
X,97222747,97222747
X,97379503,97379503
X,97479867,97479867
X,98450097,98450097
X,98501109,98501109
X,98987367,98987367
X,99053010,99053010
X,99679133,99679133
X,100448207,100448207
X,100608719,100608719
X,101049075,101049075
X,101166376,101166376
X,101344856,101344856
X,101430451,101430451
X,102044638,102044638
X,102253120,102253120
X,102824905,102824905
X,102916146,102916146
X,103893098,103893098
X,104143858,104143858
X,104725554,104725554
X,105058077,105058077
X,105459556,105459556
X,105734917,105734917
X,105762818,105762818
X,105832343,105832343
X,106334108,106334108
X,106637792,106637792
X,107471752,107471752
X,107578698,107578698
X,107685497,107685497
X,107921747,107921747
X,107974786,107974786
X,108078260,108078260
X,108820684,108820684
X,108937667,108937667
X,109099188,109099188
X,109233204,109233204
X,110069304,110069304
X,110388770,110388770
X,110478726,110478726
X,110557780,110557780
X,111087963,111087963
X,111104601,111104601
X,111279460,111279460
X,111585645,111585645
X,111888408,111888408
X,112013289,112013289
X,112040487,112040487
X,112252401,112252401
X,112562417,112562417
X,112571288,112571288
X,113002368,113002368
X,113254081,113254081
X,113893982,113893982
X,114118044,114118044
X,114164135,114164135
X,115316890,115316890
X,115360602,115360602
X,115409860,115409860
X,115576292,115576292
X,115588087,115588087
X,115942080,115942080
X,116467500,116467500
X,116577467,116577467
X,116596187,116596187
X,116774405,116774405
X,117249576,117249576
X,117614197,117614197
X,118297620,118297620
X,118544556,118544556
X,119062416,119062416
X,119511092,119511092
X,119760886,119760886
X,119772479,119772479
X,120167716,120167716
X,120543496,120543496
X,120833128,120833128
X,120858899,120858899
X,121587172,121587172
X,121784486,121784486
X,122243544,122243544
X,122521278,122521278
X,122717873,122717873
X,123355378,123355378
X,123526378,123526378
X,124269884,124269884
X,124513371,124513371
X,124889624,124889624
X,125379834,125379834
X,125592151,125592151
X,126064945,126064945
X,126177669,126177669
X,126243666,126243666
X,126418988,126418988
X,126546593,126546593
X,127414696,127414696
X,127607028,127607028
X,128030042,128030042
X,128094099,128094099
X,128177832,128177832
X,128201742,128201742
X,128520512,128520512
X,128750341,128750341
X,129051330,129051330
X,129311440,129311440
X,129546820,129546820
X,129827583,129827583
X,129937091,129937091
X,129976262,129976262
X,130570574,130570574
X,130744049,130744049
X,130753746,130753746
X,131020789,131020789
X,131113837,131113837
X,131336292,131336292
X,131490793,131490793
X,131646245,131646245
X,131652823,131652823
X,132423194,132423194
X,132676985,132676985
X,132795867,132795867
X,132826494,132826494
X,132841344,132841344
X,133511636,133511636
X,133549058,133549058
X,133690657,133690657
X,134131744,134131744
X,134191331,134191331
X,134449122,134449122
X,134604528,134604528
X,134700962,134700962
X,134717336,134717336
X,134789922,134789922
X,135111687,135111687
X,135565011,135565011
X,135676278,135676278
X,136166232,136166232
X,136374604,136374604
X,136593298,136593298
X,136893444,136893444
X,137214731,137214731
X,137260023,137260023
X,137290782,137290782
X,137326552,137326552
X,137392491,137392491
X,137503870,137503870
X,137756733,137756733
X,138766479,138766479
X,138782794,138782794
X,138799694,138799694
X,139172247,139172247
X,139197751,139197751
X,139244647,139244647
X,139338044,139338044
X,139361544,139361544
X,139470520,139470520
X,139676795,139676795
X,139765579,139765579
X,139865674,139865674
X,141021924,141021924
X,141402653,141402653
X,141938777,141938777
X,142856720,142856720
X,143036568,143036568
X,143116401,143116401
X,143149104,143149104
X,143352258,143352258
X,143673200,143673200
X,143862364,143862364
X,143979443,143979443
X,144905373,144905373
X,145002286,145002286
X,145233256,145233256
X,145792941,145792941
X,145946039,145946039
X,145959655,145959655
X,146878206,146878206
X,147646439,147646439
X,148239156,148239156
X,149297503,149297503
X,150438396,150438396
X,150618304,150618304
X,150641754,150641754
X,150891217,150891217
X,151570536,151570536
X,152691262,152691262
X,153377453,153377453
X,154262391,154262391
X,154310306,154310306
X,154371770,154371770
X,154417715,154417715
X,154465733,154465733
Y,7006456,7006456
Y,8059826,8059826
Y,8388347,8388347
Y,8583678,8583678
Y,13227300,13227300
Y,14283580,14283580
Y,14865667,14865667
Y,14877014,14877014
Y,15721554,15721554
Y,15739844,15739844
Y,16508280,16508280
Y,17111118,17111118
Y,17196860,17196860
Y,18269286,18269286
Y,18646426,18646426
Y,18912937,18912937
Y,19199859,19199859
Y,21753298,21753298
Y,21893720,21893720
Y,22057748,22057748
Y,23022331,23022331
Y,23086180,23086180
Y,23487532,23487532
Y,24396542,24396542
